Şirket Adı,TB / Ö,NFB / Ö,TK / Ö,FAVÖK / İDAFG,KVB / Ö,Cari Oran,Asit Test Oran,N / KVB,FAVÖK Marjı,BK / H,VÖK / H,NDK / Ö,NDK / TK,VÖK / Fgid,İTTA / TTA,İTTB / TTB,MDV / Ö,SM / Stok,H / TA,H / TV,H / Ö,H / MDV,Class
H-FRİGO PAK,0.3311,0.3103,1.3311,6.8186,0.2226,3.5572,2.1658,0.0933,0.2725,0.3717,0.2705,0.0759,0.0570,4.6995,0.0000,0.0000,0.5265,0.7943,24.5335,0.2941,0.3915,0.7435,1
H-2023-A.V.OD,0.6261,0.5849,1.6261,7.4005,0.5650,1.8036,1.2798,0.0730,0.1578,0.2130,0.0419,0.0302,0.0186,0.3047,0.0037,0.0000,0.2139,1.9565,3.2384,0.4525,0.7358,3.4407,1
H-2023-ADESE,0.1929,0.1164,1.1929,43.0072,0.0375,4.2837,3.0270,2.0395,0.6646,0.6701,1.0728,0.0230,0.0193,55.4983,0.2538,0.5364,0.0122,0.1553,3.6884,0.0186,0.0222,1.8146,1
H-2023-AHLATCI,0.5178,0.2125,1.5178,1.7982,0.3451,1.1844,1.1658,0.8847,0.1337,0.0871,0.0602,0.0335,0.0221,0.8099,0.0091,0.0109,1.0992,94.3256,7.4415,0.4359,0.6617,0.6019,1
H-2023-AKÇA KİMYEVİ,1.6361,1.4357,2.6361,2.5883,1.5446,1.6280,1.1174,0.1297,0.0904,0.1286,0.0865,0.2003,0.0760,1.7369,0.2058,0.0335,0.0013,2.7602,1.8190,0.9478,2.4985,1.9980,1
H-2023-AKFEN,2.3665,2.2232,3.3665,1.2107,0.4692,0.5542,0.5513,0.3054,0.5183,0.5275,0.2047,0.0826,0.0245,0.4782,0.0001,0.0064,2.9291,3.8500,4.2653,0.0848,0.2856,0.0975,1
H-2023-AKIN TEKSTİL,0.8980,0.8598,1.8980,0.0443,0.7100,0.8470,0.5455,0.0539,-0.0015,0.1255,-0.1421,-0.0597,-0.0315,0.9088,0.0000,0.0000,0.6894,2.2245,1.7838,0.2870,0.5446,0.7900,1
H-2023-AKSA ENERJİ,0.7013,0.6627,0.5625,4.6683,0.3986,1.4112,1.3299,0.0969,0.1906,0.2192,0.2449,0.1045,0.0614,3.6801,0.1625,0.1209,1.0886,13.3973,1.2337,0.3275,0.5572,0.5118,1
H-2023-ALORKO HOLDİNG,0.5081,0.4326,1.5081,614.8404,0.4297,1.1975,1.1143,0.1758,1.6862,0.1139,1.5793,0.2432,0.1613,14.6523,0.0090,0.0073,0.0760,3.7843,1.5821,0.1012,0.1526,2.0067,1
H-2023- ALKİM ALKALİ KİMYA,0.6176,0.2381,1.6176,93.2074,0.5642,2.2217,1.3415,0.6726,0.2152,0.2164,0.2064,0.1739,0.1075,10.5802,0.0005,0.0000,0.2710,1.6659,3.6065,0.6526,1.0557,3.8955,1
H-2023- ANEL ELEKTRİK ,3.8451,3.7868,4.8451,0.1047,2.9882,0.7684,0.5898,0.0195,0.0142,0.0854,-0.1714,-0.0969,-0.0200,0.5385,0.0231,0.0856,0.0254,0.9950,0.6581,0.1198,0.5806,22.8699,1
H-2023- ARD GRUP,3.8451,3.7868,4.8451,0.7210,2.9882,0.7684,0.5898,0.0195,0.0142,0.0854,-0.1714,-0.0969,-0.0200,0.5385,0.0231,0.0856,0.0254,0.9950,0.6581,0.1198,0.5806,22.8699,1
H-2023-ARSAN TEKSTİL,0.3541,0.0171,1.3541,46.4884,0.3072,1.9649,1.7348,1.2083,1.7743,0.0904,1.8348,0.1919,0.1417,18.6159,0.0000,0.7915,0.1914,1.3636,2.2202,0.0783,0.1060,0.5539,1
H-2023-ASELSAN,0.9719,0.9434,1.9719,17.8707,0.7952,1.2141,0.7340,0.0358,0.5313,0.3203,0.3411,0.1211,0.0614,1.6245,0.4416,0.2881,0.1652,0.7111,1.0239,0.2042,0.4026,2.4371,1
H-2023-ASTOR,0.6238,0.3113,1.6238,13.7554,0.5962,2.2085,1.8265,0.5241,0.4034,0.3897,0.4133,0.2629,0.1619,7.9591,0.0229,0.0404,0.1576,2.0314,1.4813,0.4668,0.7581,4.8086,1
H-2023-ATAKULE GYO,0.0089,0.0003,1.0089,52.5659,0.0038,8.5161,7.9407,2.2534,0.2634,0.5161,0.2502,0.0109,0.0108,50.4820,0.2017,0.0000,0.0030,7.5948,4.3893,0.0344,0.0347,11.6049,1
H-2023- ATLANTİS YATIRIM,1.0455,1.0398,2.0455,3.9790,1.0410,1.6228,1.0959,0.0055,0.1580,0.2007,0.1444,0.1626,0.0795,774.7915,0.0000,0.0000,0.0052,1.9439,1.4086,0.6520,1.3337,255.5947,1
H-2023- AVRUPA YATIRIM,0.5445,0.5044,1.5445,13.0683,0.3847,1.6768,1.3488,0.1042,0.3798,0.3394,0.3237,0.0975,0.0631,4.2248,0.0003,0.0000,0.1835,1.8435,1.2453,0.2280,0.3521,1.9185,1
H-A.V.O.D,0.6957,0.6675,1.6957,0.3799,0.6623,1.3151,0.9049,0.0425,0.0068,0.0925,-0.2627,-0.0882,-0.0520,1.2389,0.0344,0.0000,0.8694,1.6626,3.6443,0.2935,0.4977,0.5725,1
H-ADRA GAYRİMENKUL,0.0017,0.1781,1.0017,364.6234,0.0016,476.6816,121.2817,115.3830,3.5293,0.5773,2.5843,0.0827,0.0825,209.1796,0.0000,0.0000,0.7425,0.0244,12.6827,0.0319,0.0320,0.0431,1
H-AKÇA KİMYEVİ,2.3752,2.2780,3.3752,5.5472,1.9687,0.9830,0.6869,0.0494,0.1773,0.1485,0.1074,0.1805,0.0535,0.8052,0.0118,0.3627,1.9259,3.0023,2.2509,0.6090,2.0555,1.0673,1
H-AKDENİZ YATIRIM HOLDİNG,0.1880,0.1748,1.1880,0.4971,0.1827,0.6945,0.4996,0.0727,0.0695,0.2339,0.6510,0.0232,0.0195,4.5974,0.0096,0.2139,0.4365,1.6207,2.0960,0.0634,0.0753,0.1726,1
H-RODRİGO,1.0256,0.9427,2.0256,11.5640,0.7612,1.5706,0.1782,0.1090,0.1421,0.6795,-0.1907,-0.1898,-0.0937,15.4543,0.0000,0.0000,0.3397,0.1970,33.6272,0.3169,0.6418,1.8891,1
H-BMS,0.7342,0.6221,1.7342,0.5494,0.5231,1.2440,0.6912,0.2143,0.0193,0.1398,-0.0014,0.0128,0.0074,0.0316,0.0000,0.0000,0.9390,2.4500,5.1982,0.4749,0.8236,0.8771,1
H-DESA DERİ,0.7784,0.7660,1.7784,21.9580,0.6732,1.7341,1.3921,0.0185,0.2064,0.5992,0.1939,0.0760,0.0427,3.0329,0.7584,0.4857,0.2342,0.9823,4.7028,0.3173,0.5644,2.4097,1
H-ELİTE,0.3874,0.3633,1.3874,20.6653,0.2883,3.0877,2.2177,0.0835,0.3790,0.5576,0.3809,0.2337,0.1684,16.2711,0.8609,0.0000,0.4670,1.2152,1.2774,0.4962,0.6884,1.4741,1
H-AKSU ENERJİ,0.3874,0.3297,1.3874,5.0755,0.0779,1.1712,1.0855,0.7413,0.5170,0.5170,0.1116,0.0010,0.0007,0.3695,0.0000,0.0000,0.3686,4.2339,2.5614,1.9410,0.0549,0.1489,1
H-ALFA SOLAR,0.8789,0.5001,1.8789,13.3987,0.7175,1.7534,1.1226,0.5280,0.1321,0.1205,0.0913,0.0592,0.0315,5.2792,0.0000,0.0001,0.5042,1.9162,5.0637,0.5248,0.9861,1.9559,1
H-ALVES KABLO,0.9429,0.8147,1.9429,4.5017,0.8509,1.6271,1.1251,0.1506,0.1456,0.1786,0.0066,0.0112,0.0058,0.0830,0.0000,0.0000,0.4817,2.8935,2.2362,0.7744,1.5045,3.1235,1
H-ARSAN TEKSTİL,0.0826,-0.1404,1.0826,114.5153,0.0219,12.3367,12.2743,10.1767,24.6943,-0.7281,20.6137,0.1188,0.1098,75.5954,0.0006,0.0000,0.2209,7.6760,2.4822,0.0056,0.0061,0.0275,1
H-ARTEMİS HALI,0.5339,0.3183,1.5339,1.8023,0.4107,2.7557,1.6918,0.5250,0.2388,0.2757,0.2502,0.0448,0.0292,1.6145,0.2241,0.0186,0.2942,0.4603,1.1096,0.1810,0.2777,0.9440,1
H-BAGFAŞ BANDIRMA,0.9543,0.8389,1.9543,106.4024,0.6085,0.8107,0.4406,0.1896,-0.6134,0.1419,-0.8600,-0.1591,-0.0814,1.4268,0.7239,0.0891,1.2458,0.6665,18.4528,0.0895,0.1749,0.1404,1
H-BAHADIR KİMYA,0.3727,0.3620,1.3727,4.4341,0.2628,2.1841,1.6075,0.0409,0.2099,0.2538,0.1370,0.0581,0.0423,2.8090,0.0127,0.0018,0.7202,2.1522,1.0950,0.3184,0.4371,0.6070,1
H-BAYRAK EBT,1.9921,1.9791,2.9921,1.1118,1.7906,0.7991,0.5155,0.0072,-0.2811,-0.1639,-0.4559,-0.3554,-0.1188,1.8030,0.0000,0.0214,1.4506,1.6581,1.1769,0.2417,0.7233,0.4986,1
H-BERA HOLDİNG,0.3422,0.2349,1.3422,3.2604,0.1943,2.4158,1.6046,0.5523,0.1228,0.2220,0.1430,0.0486,0.0362,2.8452,0.0000,0.0000,0.5261,1.7116,2.3491,0.2583,0.3467,0.6590,1
H-BİEN YAPI,0.5087,0.4444,1.5087,1.1059,0.4003,2.2713,1.4091,0.1605,0.1153,0.0946,0.2514,-0.0720,-0.0478,1.9017,0.3673,0.2334,0.4681,1.0242,1.1000,0.2588,0.3904,0.8340,1
H-BİRKO BİRLEŞİK,0.0777,0.0777,1.0777,2.8473,0.0520,2.9773,2.9079,0.0008,0.4016,0.4278,0.6931,0.0084,0.0078,111.7293,0.0000,0.0000,0.7490,2.1166,0.3535,0.0124,0.0133,0.0178,1
H-BOĞAZİÇİ BETON,0.4176,0.3004,1.4176,0.8372,0.3441,1.3821,1.3069,0.3407,0.0963,0.1001,0.0314,0.0104,0.0074,0.2622,0.0000,0.0210,0.8766,27.6732,4.6765,0.5613,0.7957,0.9078,1
H-BURSA ÇİMENTO,0.2691,0.1410,1.2691,12.9787,0.1627,3.1855,2.4408,0.7879,0.1895,0.2169,0.0797,0.0074,0.0059,1.9866,0.0008,0.0003,0.6666,2.7984,3.0458,0.3427,0.4349,0.6524,1
H-CVK MADEN,0.2992,0.2126,1.2992,5.3808,0.1467,1.5092,1.2215,0.5907,0.2457,0.4184,0.1548,0.0332,0.0256,3.0122,0.0000,0.0000,0.8825,4.1193,7.1074,0.2300,0.2988,0.3386,1
H-ÇEMTAŞ ÇELİK,0.2329,-0.0515,1.2329,33.3146,0.1133,7.4188,5.2605,2.5097,0.1877,0.1903,0.0341,0.0060,0.0048,1.2954,0.0000,0.0132,0.3340,2.0730,3.6439,0.5080,0.6263,1.8753,1
H-DATAGATE BİLGİSAYAR,4.7716,4.7000,5.7716,0.6400,4.7402,1.1766,0.8956,0.0151,0.0413,0.0467,-0.0015,-0.0126,-0.0022,0.0240,0.0002,0.0538,0.0106,5.4199,2.0604,1.3123,7.5743,711.8241,1
H-DENGE YATIRIM,0.3891,0.3745,1.3891,10.3272,0.2583,1.0916,0.9759,0.0563,-0.4590,-0.1090,-0.2604,0.0247,0.0178,1.8350,0.0000,0.0005,0.0748,6.7892,2.8346,0.1316,0.1828,2.4453,1
H-DOFER YAPI,0.4120,0.1810,1.4120,0.9230,0.2982,2.4549,1.8385,0.7745,0.0235,0.0328,-0.0210,-0.0328,-0.0232,0.6016,0.0000,0.0000,0.6679,8.5529,7.3057,1.1514,1.6258,2.4342,1
H-EFOR ÇAY,1.1673,1.1370,2.1673,2.0368,0.9760,1.1144,0.4679,0.0311,0.0914,0.1401,0.0340,0.0638,0.0294,0.3504,0.0000,0.0000,0.7264,1.3151,3.7152,0.4453,0.9650,1.3285,1
H-EKİZ KİMYA,0.1062,0.1061,1.1062,42.9611,0.1033,0.3858,0.3749,0.0008,1.1747,0.0292,1.1031,0.5047,0.4562,4.0342,0.0000,0.0000,0.0002,394.1823,12.4763,0.4139,0.4579,23.8972,1
H-EKSUN GIDA,1.0982,0.6551,2.0982,0.0566,1.0565,1.6962,1.1364,0.4194,-0.0022,0.0903,-0.0662,-0.1410,-0.0672,0.9299,0.0034,0.2006,0.2097,3.3046,4.6900,1.0240,2.1485,10.2445,1
H-ETİLER GIDA,13.6912,13.6204,2.3691,1.5658,1.1691,1.2323,1.0956,0.0605,0.1339,0.1486,-0.0005,-0.0650,-0.0274,0.0054,0.0001,0.0014,0.4849,8.3509,1.5867,0.6617,1.5676,3.2332,1
H-EURO KAPİTAL,0.0608,-0.0689,1.0608,51.3620,0.0228,39.9206,39.6103,5.6849,0.3722,0.5702,-0.1158,-0.0394,-0.0372,15.9844,0.0000,0.0000,0.0914,24.3795,0.0000,0.3786,0.4017,4.3933,1
H-EURO MENKUL,0.0538,-0.0639,1.0538,124.6455,0.0233,40.2949,37.9361,5.0605,0.5446,0.6857,-0.0400,0.0389,0.0369,4.4743,0.0000,0.0000,0.0601,2.2846,0.0000,0.3784,0.3988,6.6322,1
H-EURO TREND,0.0869,-0.0395,1.0869,29.8192,0.0351,28.2480,27.3894,3.6051,0.4344,0.6167,-0.0804,-0.0046,-0.0042,5.3708,0.0708,0.0000,0.0059,5.4977,106.7280,0.3972,0.4317,72.9768,1
H-EURO POWER,0.5420,0.4567,1.5420,6.3342,0.4116,2.6447,1.8271,0.2071,0.2562,0.2584,0.1178,0.0148,0.0096,2.3888,0.0697,0.0808,0.3616,1.0209,3.2016,0.3005,0.4633,1.2813,1
H-FORTE BİLGİ,0.6813,0.4871,1.6813,1.5277,0.6005,1.8920,1.4367,0.3234,-0.0556,0.0872,-0.1820,-0.1360,-0.0809,2.8547,0.0000,0.0000,0.1131,2.8574,1.7150,0.5091,0.8559,7.5702,1
H-GEDİZ AMBALAJ,0.3188,0.1729,1.3188,26.2678,0.0001,55.7931,36.0818,12.7481,0.2036,0.2798,0.0188,0.0067,0.0050,0.7054,0.0000,0.0000,0.5024,1.4055,2.0663,0.3357,0.4428,0.8813,1
H-GEZİNOMİ,2.0611,1.9751,3.0611,0.2430,1.6637,1.2311,1.2187,0.0517,0.0052,0.0860,-0.0167,-0.0642,-0.0210,0.1367,0.1883,0.0843,0.0713,38.0576,2.5987,0.2799,0.8569,12.0137,1
H-GIPTA OFİS,0.3802,0.0055,1.3802,4.0060,0.3046,3.1109,2.3797,1.2301,0.2894,0.4177,0.0639,0.0076,0.0055,0.8409,0.0029,0.0508,0.4324,0.5787,1.3668,0.1604,0.2213,0.5118,1
H-GİRİŞİM ELEKTRİK,0.7790,0.7038,1.7790,7.8194,0.6493,2.0299,1.6417,0.1158,0.3568,0.2644,0.1745,0.0523,0.0294,2.3827,0.1387,0.0101,0.3883,-1.2824,1.6692,0.2470,0.4394,1.1315,1
H-GÜNDOĞDU GIDA,1.8524,1.6690,2.8524,18.7278,1.6717,1.2723,0.8115,0.1097,0.0491,0.1097,0.0391,0.0698,0.0245,14.9324,0.1304,0.0154,0.7064,4.0600,3.8747,1.2316,3.5129,4.9728,1
H-HEDEF GİRİŞİM,0.0046,0.0044,1.0046,127.1001,0.0026,38.5617,38.1434,0.0715,0.9293,1.0143,-2.0229,-0.1543,-0.1536,-276.6892,0.0000,0.1116,0.0005,1.0000,29.8133,0.0765,0.0768,160.8428,1
H-HEDEF HOLDİNG,0.1198,0.1190,1.1198,-25.2312,0.0091,1.2779,1.0323,0.0916,-1.3178,-0.9291,-9.3433,-0.2517,-0.2248,-178.8934,0.9982,0.1160,0.0008,1.0000,106.1810,0.0282,0.0315,40.3105,1
H-HUN YENİLENEBİLİR,0.9363,0.9178,1.9363,2.2447,0.3141,0.4168,0.3872,0.0590,0.4282,0.4515,-0.1492,-0.0197,-0.0102,-0.1163,0.1264,0.4385,0.8621,5.8954,2.5437,0.0515,0.0997,0.1156,1
H-İHLAS EV ALETLERİ,0.4250,0.4041,1.4250,6.1849,0.2027,3.8630,2.4275,0.1031,0.0310,0.1180,-0.0352,-0.0444,-0.0311,-7.8672,0.4094,0.0347,0.0579,0.5647,2.4731,0.7192,1.0249,17.6866,1
H-İHLAS GAZETECİLİK,0.3470,0.3390,1.3470,-9.8101,0.1799,2.1360,1.7494,0.0442,-0.0859,0.1828,0.1950,-0.0645,-0.0479,2.3662,0.1116,0.1701,0.2019,3.8724,1.6268,0.2448,0.3297,1.6330,1
H-İHLAS HABER ,0.5252,0.4775,1.5252,-17.4444,0.3372,2.8051,2.7998,0.1416,-0.2528,-0.0778,-0.3880,-0.2286,-0.1498,-7.4321,0.1751,0.0117,0.3393,378.9096,2.2741,0.4159,0.6344,1.8695,1
H-İHLAS HOLDİNG,0.8593,0.8379,1.8593,-314.6441,0.2366,4.8324,1.4577,0.0907,-0.3479,-0.1160,-0.1959,-0.1166,-0.0627,-15.1920,0.0233,0.0066,0.3298,0.6007,2.3296,0.2312,0.4298,1.3030,1
H-İHLAS YAYIN,0.6189,0.6050,1.6189,-8.7415,0.2022,1.9512,1.6367,0.0690,-0.1731,0.0941,-0.2595,-0.1084,-0.0669,9.5988,0.0881,0.2034,0.2988,6.0944,1.8985,0.2643,0.4279,1.4321,1
H-İZ YATIRIM,0.6363,0.6285,1.6363,142.2873,0.0313,7.1954,6.6859,0.2502,0.0959,0.1367,-0.0331,-0.0221,-0.0135,-0.0732,0.0000,0.0000,0.1037,6.0662,1.7671,0.0684,0.1119,1.0795,1
H-İZDEMİR ENERJİ,0.0804,0.0785,1.0804,-1.2969,0.0415,3.9732,1.3750,0.0450,-0.0309,-0.0345,-0.3225,-0.0833,-0.0771,6.1997,0.0616,0.2223,0.8901,2.3013,27.3480,0.2222,0.2401,0.2697,1
H-İZMİR FIRÇA SANAYİ,0.7057,0.6978,1.7057,2.5762,0.5674,1.9403,1.2820,0.0139,0.1541,0.2926,0.0293,0.0041,0.0024,0.4415,0.0053,0.0000,0.5637,1.8451,1.5679,0.5712,0.9742,1.7282,1
H-KARSU TEKSTİL,1.0633,0.9505,2.0633,287.3086,0.7591,1.3900,0.8618,0.1487,0.0791,0.0751,-0.0618,-0.0778,-0.0377,-0.3321,0.0000,0.0104,0.9928,1.5744,2.6250,0.3308,0.6825,0.6875,1
H-KARTONSAN KARTON,0.5127,0.4875,1.5127,-9.5479,0.4645,1.2115,0.5072,0.0542,-0.2303,0.1309,-0.2810,-0.1633,-0.1079,4.4652,0.0434,0.0010,0.7744,2.5500,6.1912,0.4876,0.7377,0.9526,1
H-KATMERCİLER ARAÇ,0.5001,0.4636,1.5001,4.4816,0.2697,4.9779,2.0765,0.1352,0.4188,0.3764,0.3568,0.0365,0.0243,1.7379,0.0000,0.0000,0.1178,0.1607,0.9007,0.1344,0.2016,1.7109,1
H-KERVANSARAY YATIRIM,8.1037,8.0971,9.1037,-2.1435,6.6939,0.0152,0.0146,0.0010,-288.0690,2.8680,131.3600,-0.1710,-0.0188,-0.3783,0.0000,0.0000,0.0013,0.6732,0.0200,0.0002,0.0015,1.1291,1
H-KIRAÇ GALVANİZ,0.7522,0.6956,1.7522,4.9415,0.4539,2.0724,1.7048,0.1247,0.2538,0.3377,0.4803,0.2009,0.1147,-9.3525,0.4223,0.0000,0.5569,2.4158,10.2573,0.3473,0.6086,1.0927,1
H-KONYA KAĞIT,0.1039,0.0577,1.1039,109.0930,0.0538,5.2630,3.3419,0.8584,0.1672,0.1794,0.0848,0.0108,0.0098,15.8275,0.0562,0.0342,0.0000,1.9939,5.4376,0.2275,0.2512,0.8365,1
H-KRİSTAL KOLA,0.4131,0.4124,1.4131,2368.0741,0.3443,1.8236,1.2182,0.0018,0.1029,0.1064,0.0393,0.0401,0.0284,488.3912,0.9938,0.0000,0.6204,4.6201,2.9164,0.7627,1.0777,1.7372,1
H-MONDI TURKEY,0.6535,0.6346,1.6535,-0.2624,0.6066,1.3767,1.0349,0.0312,-0.0106,0.1847,-0.0676,-0.0904,-0.0547,-1.2153,0.0000,0.3130,0.7311,3.6382,1.5796,0.5597,0.9255,1.2659,1
H-NASMED,0.2842,0.2179,1.2842,-0.3808,0.1325,1.1556,1.0902,0.5004,-0.0211,0.2475,-0.0332,-0.0201,-0.0156,-0.5902,0.0998,0.0000,0.9206,30.7905,5.2645,0.2761,0.3546,0.3852,1
H-ORÇAY,0.7804,0.7570,1.7804,0.9909,0.6603,1.7481,0.8925,0.0354,0.2612,0.2433,-0.1114,-0.0421,-0.0237,-0.4149,0.0076,0.0000,0.6099,0.8531,3.2633,0.3577,0.6369,1.0442,1
H-OTTO HOLDİNG,0.3846,0.3181,1.3846,158.1780,0.1432,2.3844,2.3731,0.4644,0.4895,0.5546,0.2330,0.0192,0.0139,4.1623,0.0000,0.0000,0.0289,102.6230,3.6316,0.2654,0.3675,12.7202,1
H-OYLUM SINAİ,0.3600,0.2018,1.3600,2.0112,0.2088,2.8580,2.3944,0.7577,0.2036,0.0032,-0.1875,-0.0659,-0.0485,-1.6694,0.4496,0.0000,0.7071,3.5859,2.2446,0.3576,0.4863,0.6878,1
H-ÖZYAŞAR TEL VE GALVANİZ,1.0737,0.7542,2.0737,1.9859,0.7929,1.4722,1.0879,0.4029,0.0806,0.1565,0.0231,0.0085,0.0041,0.2695,0.0210,0.0080,0.7448,3.1585,2.8967,0.5502,1.1410,1.5320,1
H-PANELSAN ÇATI,0.8621,0.7558,1.8621,23.5592,0.8355,1.4104,1.0759,0.1273,0.1537,0.1609,-0.0113,0.0284,0.0153,-0.3264,0.0550,0.0000,0.4798,2.1352,1.5251,0.3819,0.7111,1.4821,1
H-PASİFİK EUROSIA,0.4391,0.3568,1.4391,19.4827,0.3656,1.8866,1.8756,0.2250,0.5036,0.2280,0.3302,0.0787,0.0547,10.9800,0.1690,0.2952,0.1205,56.2908,0.6284,0.2036,0.2929,2.4316,1
H-PASİFİK GAYRİMENKUL,1.3462,1.3447,2.3462,0.0802,0.2883,3.2223,1.0578,0.0052,0.2336,0.5865,4.6681,0.0741,0.0316,1.6017,0.0094,0.0303,0.0049,0.0105,0.0807,0.0068,0.0159,3.2074,1
H-PASİFİK TEKNOLOJİ,0.9315,0.8874,1.9315,-0.2486,0.8310,1.6373,1.3227,0.0531,-0.0113,0.0154,-0.0662,-0.0515,-0.0267,-1.3627,0.3460,0.4829,0.0900,1.5738,1.3301,0.2163,0.4179,4.6420,1
H-PAPİLON SAVUNMA,0.1041,0.0309,1.1041,422.7995,0.0347,25.0405,21.2026,2.1102,1.2853,0.5046,0.2440,-0.0089,-0.0080,11.5196,0.0000,0.0000,0.0071,0.6220,3.1442,0.1513,0.1671,23.5207,1
H-PETROKENT,0.6051,0.4467,1.6051,-5.1190,0.5597,0.7862,0.7063,0.2831,-0.3402,-0.3203,-0.3425,-0.0806,-0.0502,-3.2209,0.0701,0.1645,1.1221,7.4459,1.3001,0.1571,0.2522,0.2248,1
H-PRİZMA PRES,0.2188,0.2107,1.2188,-3.1428,0.2061,2.0042,0.2936,0.0391,-0.6216,0.0744,-0.8935,-0.0386,-0.0317,-4.5174,0.2322,0.1293,0.2203,0.1905,1.4509,0.0595,0.0726,0.3293,1
H-Q YATIRIM,0.1643,0.1642,1.1642,9.7514,0.1168,8.5348,8.5306,0.0015,1.0200,1.0025,0.6471,0.0969,0.0832,6.1828,0.9900,0.9674,0.0000,1.0000,3.5716,0.1676,0.1952,61.5744,1
H-QUA GRANİTE,1.0161,0.9405,2.0161,0.0911,0.9025,1.2595,0.9749,0.0839,0.0872,0.2363,-0.2189,-0.1888,-0.0936,-1.0000,0.2148,0.1763,0.8021,1.5512,0.9139,0.2588,0.5217,0.6504,1
H-SAFKAR EGE,0.7983,0.6942,1.7983,4.8061,0.5142,2.1159,1.2723,0.2024,0.1114,0.2572,0.0665,0.0372,0.0207,2.6658,0.0000,0.0313,0.6029,1.4849,2.2973,0.4822,0.8672,1.4384,1
H-SARKUYSAN,1.6944,1.4713,2.6944,2.0042,0.6745,3.0557,2.1834,0.3307,0.0444,0.0513,0.0268,0.0648,0.0241,0.6604,0.0027,0.0000,0.4263,5.3552,3.3515,1.2325,3.3209,7.7899,1
H-SAY YENİLENEBİLİR,0.6052,0.4402,1.6052,65.7530,0.4258,3.2347,2.5376,0.3874,0.2692,0.2742,0.1048,0.0874,0.0545,3.4096,0.3641,0.0450,0.1947,2.3862,1.9931,0.6079,0.9758,5.0116,1
H-SDT UZAY,0.6413,0.3729,1.6413,15.5006,0.5931,2.3784,1.3658,0.4526,0.1995,0.2385,-0.0953,-0.0073,-0.0045,-1.1282,0.0041,0.0017,0.0480,0.6159,1.4616,0.2960,0.4858,10.1307,1
H-SEĞMEN KARDEŞLER,0.2674,0.2573,1.2674,4.2949,0.1566,2.7314,1.6060,0.0650,0.1539,0.2322,0.0474,0.0280,0.0221,2.3167,0.6107,0.0000,0.0157,1.8961,2.3469,0.3440,0.4360,27.7032,1
H-SKYALP,0.1194,0.1096,1.1194,66.1072,0.1070,5.4394,5.4151,0.0924,0.3540,0.6412,0.0571,0.0603,0.0538,10.6680,0.3695,0.2201,0.0317,52.0481,4.8089,0.3371,0.3774,11.8919,1
H-SMARTİKS,0.2865,0.2785,1.2865,4.3340,0.2784,1.2770,1.2079,0.0286,0.4221,0.8353,0.2767,0.0865,0.0672,2.6024,0.0422,0.0000,0.0095,2.5778,0.9549,0.2340,0.3011,31.7581,1
H-SONMEZ PAMUKLU,0.1121,0.0889,1.1121,2.4848,0.0839,2.2529,1.4303,0.2764,0.0730,0.1018,-0.1800,-0.0551,-0.0496,-5.4085,0.0169,0.1363,0.4100,2.7986,3.0118,0.1933,0.2150,0.5244,1
H-SUN TEKSTİL,0.6765,0.6000,1.6765,26.5186,0.5545,1.5330,0.9733,0.1380,0.0805,0.1689,0.0367,0.0258,0.0154,1.5026,0.2546,0.0000,0.5781,3.5039,4.7997,0.7804,1.3083,2.2630,1
H-TAPDİ OKSİJEN,0.3016,0.2374,1.3016,11.1321,0.1257,1.1517,1.0198,0.5114,1.4022,0.3735,1.4845,0.2171,0.1668,10.9820,0.0001,0.0123,0.6832,7.0674,4.3303,0.1436,0.1870,0.2737,1
H-TATLIPINAR ENERJİ,0.9148,0.8595,1.9148,2.7465,0.1785,0.8433,0.8356,0.3098,0.5508,0.4490,0.4175,0.0944,0.0493,2.0666,0.0000,0.0009,0.1266,68.9605,6.7562,0.0888,0.1700,1.3423,1
H-TEK ART,0.3354,0.3331,1.3354,-7.3969,0.1005,0.2624,0.2475,0.0234,-3.6347,0.4693,-1.6944,-0.0199,-0.0149,-0.6572,0.0000,0.0000,0.4686,1.5902,1.8852,0.0033,0.0045,0.0095,1
H-TEMAPOL POLİMER,1.8028,1.6616,2.8028,0.8071,1.1590,1.3251,1.0285,0.1219,0.2073,0.1391,-0.0008,0.0415,0.0148,-0.0031,0.0223,0.0000,1.0294,1.5541,1.5315,0.2214,0.6206,0.6029,1
H-TREND GAYRİMENKUL,13.0059,0.4030,-0.0036,-0.0037,0.0905,11.8486,4.2575,310.8406,0.0876,0.0889,0.0000,0.0000,0.0209,9.0158,-0.1181,0.0668,66.6220,0.0148,1.0156,0.0156,-9.4749,-0.0724,1
H-TUĞÇELİK ALÜMİNYUM,0.9265,0.9218,1.9265,0.1633,0.5954,0.8967,0.6385,0.0079,0.0159,0.0572,0.0810,0.0788,0.0409,0.3910,0.0166,0.0060,0.0370,2.2224,1.2454,0.1881,0.3624,9.8039,1
H-VBT YAZILIM,0.3897,0.1312,1.3897,145.0012,0.3669,2.9417,2.4890,0.7046,0.1235,0.2396,0.0353,0.0617,0.0444,4.1085,0.0000,0.0000,0.1627,7.5847,4.4503,1.1921,1.6567,10.1838,1
H-YAPRAK SÜT ,0.3988,0.2460,1.3988,4735.0639,0.2690,1.5643,1.2486,0.5682,0.4916,0.6149,0.2652,0.0556,0.0398,7.3927,0.0000,0.0016,0.3495,2.4032,6.7172,0.2081,0.2911,0.8329,1
H-YÜKSELEN ÇELİK,1.5740,1.5065,2.5740,-0.3387,1.3529,1.4851,0.7945,0.0499,-0.0820,0.0101,-0.2132,-0.2423,-0.0941,-0.8430,0.0000,0.0000,0.4249,1.2005,1.2821,0.4402,1.1331,2.6666,1
H-ZEDUR ENERJİ,0.2477,0.2465,1.2477,0.2839,0.0894,0.2397,0.2323,0.0141,0.0691,0.3032,0.5297,0.0448,0.0359,1.7983,0.0000,0.0000,0.0202,53.6916,3.2210,0.0406,0.0506,2.5105,1
H-E-DATA,0.2515,0.1786,1.2515,14.6814,0.2404,4.1897,2.8223,0.3033,0.2491,0.3050,0.0565,0.0330,0.0263,7.4026,0.1391,0.0000,0.0268,1.4305,2.1572,0.5407,0.6767,25.2911,1
H-ICU GİRİŞİM ,0.1487,0.1050,1.1487,-105.9269,0.1485,4.0168,4.0160,0.2939,-0.1550,0.1050,-0.3825,-0.0624,-0.0543,-0.9058,0.0000,0.0000,0.0012,11.4341,47.4671,0.1423,0.1634,134.8667,1
H-JANTSA JANT,0.4543,0.3621,1.4543,6.0361,0.3401,1.5209,0.9016,0.2711,0.1451,0.2158,0.0352,0.0122,0.0084,1.3384,0.0928,0.0188,0.7711,2.1785,3.1684,0.4022,0.5850,0.7587,1
H-LÜKS KADİFE,0.3230,0.3070,1.3230,-1.4568,0.1318,1.9120,1.2340,0.1209,-0.0563,0.1667,0.0066,-0.0252,-0.0191,0.0513,0.3232,0.0000,0.6575,1.9906,1.6966,0.1613,0.2134,0.3245,1
H-MATRİKS FİNANSAL,0.2859,0.0471,1.2859,14.5296,0.2632,1.8100,1.8096,0.9075,0.3185,0.3338,0.1806,0.0200,0.0155,39.9365,0.0000,0.0124,0.0339,60.5777,8.2065,0.7971,1.0250,30.2437,1
H-KÜTAHYA PORSELEN,0.3589,0.3465,1.3589,13.1303,0.2538,2.1615,0.9675,0.0503,0.1442,0.4986,0.1269,0.0236,0.0173,3.6856,1.0000,0.0780,0.5792,0.8556,2.4097,0.3804,0.5171,0.8927,1
H-KUVVA GIDA,0.4994,0.4971,1.4994,-2.4316,0.4005,0.6428,0.6008,0.0058,-1.1701,0.3057,-0.7473,-0.0616,-0.0411,-2.6277,0.1801,0.0045,1.1799,2.2820,2.0420,0.0369,0.0554,0.0469,1
H-KUZEY BORU,0.4984,0.3484,1.4984,8.8495,0.3447,2.6556,1.8429,0.4363,0.1567,0.2582,0.1339,0.1441,0.0962,2.1431,0.0000,0.0000,0.5553,2.1862,2.0229,0.5509,0.8255,1.4866,1
H-2023-AYDEM YEN'LENEBILIR,1.6347,1.5012,2.3278,3.1352,0.1579,1.9481,1.9386,0.8457,0.6034,0.4873,-0.7704,-0.1099,-0.0417,-0.4880,0.9664,0.0038,2.2496,56.4047,1.8767,0.0631,0.1662,0.0739,1
H-2023-AYEN ENERJI,0.9656,0.8153,1.9656,4.8104,0.3061,1.6402,1.6375,0.4912,0.2332,0.2137,0.1492,0.0482,0.0245,0.4288,0.0264,0.0096,1.2893,395.6627,8.1080,0.2089,0.4106,0.3185,1
H-2023-BAGFAS BANDIRMA,2.5584,1.9582,3.5584,-1.9332,0.9671,1.6048,0.9105,0.6206,-0.2115,-0.1410,-0.3381,-0.4615,-0.1297,-0.9698,0.0090,0.0203,0.8521,2.1638,45.2082,0.3578,1.2734,1.4943,1
H-2023-BAK AMBALAJ,2.6983,2.2639,3.6983,5.7943,1.7814,1.4442,1.0954,0.2439,0.1915,0.1829,0.0061,-0.0049,-0.0013,0.0264,0.0000,0.4535,1.0023,2.5415,1.3847,0.5226,1.9326,1.9281,1
H-2023-BATICIM BATI,6.4464,6.3533,7.4464,4.5659,2.9531,0.8260,0.5255,0.0315,0.1551,0.2258,-0.1521,-0.6160,-0.0827,-0.5273,0.0020,0.0000,4.8593,3.8842,3.8182,0.5979,4.4521,0.9162,1
H-2023-BAYDONER,1.6665,1.2206,2.6665,11.0062,1.0611,0.9797,0.7073,0.4202,0.1206,0.2361,0.0860,0.2061,0.0773,1.3060,0.0037,0.0000,0.8013,5.5038,14.0776,0.7811,2.0828,2.5995,1
H-2023-BERA HOLDING,0.4693,0.3006,1.4693,4.2376,0.3400,2.1566,1.4735,0.4963,0.0880,0.2038,0.1079,0.0407,0.0277,1.8269,0.0000,0.0000,0.4995,1.6978,1.9290,0.3371,0.4952,0.9915,1
H-2023-BERKOSAN YALITIM,0.9903,0.8232,1.9903,13.6391,0.8128,1.4593,1.0991,0.2056,0.2968,0.3594,0.2434,0.2666,0.1340,5.0377,0.0000,0.0000,0.6096,2.7849,2.5111,0.6395,1.2729,2.0881,1
H-IHLAS GAYRİMENKUL,1.4443,1.3709,2.4443,6.1716,0.5958,3.3592,1.5923,0.1231,0.0814,0.1102,-0.6229,-0.1595,-0.0652,-20.0047,0.1483,0.2450,0.0147,-0.1918,0.8545,0.0928,0.2269,15.4689,1
H-LDR TURİZM,0.4285,-0.1597,1.4285,2.2563,0.2302,3.0508,2.6317,2.5557,0.7341,0.1429,0.2124,0.0359,0.0251,0.6513,0.0000,0.0000,0.6374,1.7742,25.2652,0.1398,0.1997,0.3133,1
H-LİNK BİLGİSAYAR,0.1230,0.1038,1.1230,55.9430,0.0462,17.6443,17.5135,0.4166,0.8032,0.8930,0.1635,0.0153,0.0136,11.3689,0.0000,0.0000,0.0100,3.5842,3.5182,0.1804,0.2026,20.3001,1
H-MAKİM MAKİNA,0.3250,0.2032,1.3250,3.7076,0.2827,2.5934,1.8059,0.4310,0.2032,0.3130,0.1602,0.0795,0.0600,2.4822,0.0000,0.0000,0.4805,1.9331,1.7590,0.4727,0.6263,1.3034,1
H-MARTI GAYRİMENKUL,0.1040,0.1039,1.1040,691.7606,0.0181,1.0018,0.9538,0.0066,11.0096,1.0452,11.0315,0.1265,0.1146,22.4314,1.0000,0.0000,0.0018,0.4071,0.7517,0.0103,0.0114,6.4324,1
H-MARTI OTEL,0.3544,0.3536,1.2020,55.6315,0.0734,0.6834,0.6234,0.0102,0.3686,0.3934,0.4478,0.0328,0.0242,67.5809,0.2301,0.0054,1.0198,9.5093,1.8038,0.0510,0.0691,0.0677,1
H-MEGA METAL SANAYİ,1.5144,1.0506,2.5144,2.2933,1.3248,1.2010,0.8162,0.3501,0.0559,0.0987,0.0300,0.1025,0.0408,0.5173,0.0000,0.0000,0.6980,4.6319,5.2953,1.0419,2.6198,3.7534,1
H-METEMTUR YATIRIM,0.2415,0.2254,1.2415,1.9809,0.0811,9.4446,2.1920,0.1974,0.1451,0.3003,0.1985,0.0484,0.0390,1.5345,0.0000,0.0000,0.4187,-0.5026,8.9700,0.3404,0.4226,1.0094,1
H-TUKAŞ GIDA,0.2670,0.2598,1.2669,1.5441,0.2094,2.0331,1.0569,0.0348,0.1652,0.2520,-0.0478,0.0231,0.0182,-0.4332,0.0000,0.0005,0.7978,1.0265,2.8172,0.2215,0.2806,0.3517,1
H-TURK İLAÇ,1.1098,1.0911,2.1098,0.8880,0.5762,2.1824,1.9420,0.0324,0.1444,0.2631,0.0306,0.0391,0.0186,0.1881,0.8166,0.1018,0.7233,3.7341,1.0623,0.3326,0.7018,0.9703,1
H-ULAŞLAR TURİZM,1.0000,0.9996,2.0000,-114.7790,0.7868,0.0435,0.0430,0.0005,0.0000,0.0000,0.0000,-0.0351,-0.0175,1.4099,0.0000,0.0000,0.0176,1.0000,0.0000,0.0000,0.0000,0.0000,1
H-UŞAK SERAMİK,1.0087,1.0020,2.0087,0.2892,0.9600,1.0414,0.6580,0.0070,0.0544,0.1979,-0.1313,-0.0625,-0.0311,-0.6055,0.6644,0.0134,0.9416,1.0436,1.5339,0.2384,0.4789,0.5087,1
H-VERA KONSEPT,0.0218,-0.0275,1.0218,214.1596,0.0059,57.7622,44.7921,8.3777,0.0000,0.0000,0.0000,0.0166,0.0162,-135.0606,0.0000,0.0000,0.0005,0.0029,0.0000,0.0000,0.0000,0.0000,1
H-YİĞİT AKÜ,0.4704,0.4326,1.4704,2.1626,0.4162,2.3223,1.6068,0.0910,0.0647,0.1453,0.0266,0.0248,0.0169,0.6545,0.0402,0.1121,0.4278,2.4149,3.5212,0.5722,0.8414,1.9670,1
H-Aciselsan,0.5187,0.5133,1.5187,2.8545,0.4631,1.4406,0.6375,0.0116,0.2877,0.3362,-0.0018,0.1837,0.1209,-0.0167,0.0000,0.0220,0.5821,0.9827,2.3860,0.3625,0.5506,0.9459,1
H-Akcansa,0.3676,0.2381,1.3676,2.2457,0.3291,1.4932,1.4551,0.3936,0.1114,0.1572,0.1002,0.0443,0.0324,1.8776,0.0328,0.0073,0.5029,4.0577,2.9633,0.4198,0.5741,1.1417,1
H-Akenerji,1.1298,1.0745,2.1298,-0.1696,0.5034,0.2838,0.2606,0.1099,-0.0153,0.0087,0.0990,0.0417,0.0196,0.3900,0.0112,0.0450,1.9214,47.4228,10.1814,0.2627,0.5595,0.2912,1
H-Akfen,0.4982,0.4716,1.4982,0.3867,0.1062,0.5669,0.5661,0.2511,0.1946,0.2661,-0.0531,0.0278,0.0186,-0.0922,0.0000,0.0006,1.2771,861.6809,5.2641,0.0600,0.0898,0.0703,1
H-Akis,0.1198,0.0917,1.1198,3.0505,0.0609,1.1138,0.9886,0.4621,0.8197,0.8997,0.7710,0.0482,0.0431,1.7350,0.0021,0.6089,0.0082,0.6950,7.1776,0.0472,0.0529,6.4517,1
H-Alarko Carrier,1.7648,1.5594,2.7648,0.3103,1.2463,1.7045,1.0109,0.1649,0.0091,0.1623,-0.0852,-0.0851,-0.0308,-0.8278,0.1273,0.3929,0.4350,1.5649,2.3210,0.5841,1.6149,3.7121,1
H-Alarko Gayrimenkul,0.1402,0.0564,1.1402,309.8916,0.0398,4.6541,4.1600,2.1065,4.2429,3.0704,-0.5929,0.0105,0.0092,-8.7513,0.9365,0.7469,0.0007,0.7296,1.6036,0.0061,0.0069,10.2152,1
H-Altin Yunus,0.3041,0.2947,1.3041,-5.2168,0.0402,0.6415,0.5504,0.2347,-0.5924,-0.0325,-0.6186,-0.0464,-0.0356,-4.8637,0.0214,0.2163,1.2183,9.4169,3.9165,0.0243,0.0317,0.0260,1
H-Arcelik,3.1687,2.6895,4.1687,0.9282,2.3102,1.1127,0.7588,0.2074,0.0264,0.2910,-0.0009,0.0082,0.0020,-0.0084,0.0085,0.0718,0.8478,1.6517,1.7254,0.4569,1.9049,2.2469,1
H-Atakey Patates,0.1732,0.0167,1.1732,22.5533,0.1621,3.4669,2.2303,0.9657,0.2104,0.1835,0.0514,0.0242,0.0206,0.7774,0.4830,0.0546,0.5003,1.8021,2.8104,0.3770,0.4423,0.8841,1
H-Aydem Yenilenebilir,0.7792,0.7040,1.7792,1.1720,0.1126,1.5292,1.5228,0.6676,0.3293,0.3644,0.6043,0.0766,0.0431,0.6017,0.9430,0.0426,1.5367,79.7042,1.4786,0.0510,0.0908,0.0591,1
H-Aztek,1.2481,0.7202,2.2481,4.1072,1.1966,1.7751,1.1867,0.4412,0.2089,0.2648,0.0427,0.1766,0.0786,0.6600,0.0004,0.0460,0.0464,1.8549,2.1885,0.7901,1.7762,38.2622,1
H-Bak Ambalaj,0.9660,0.8614,1.9660,0.0615,0.6297,1.4066,0.8960,0.1662,0.0017,0.0762,-0.0127,-0.0454,-0.0231,-0.1785,0.0036,0.4686,1.0405,2.5241,2.2150,0.4468,0.8784,0.8442,1
H-Bastas Baskent,0.3920,0.3387,1.3920,-1.0742,0.3741,1.4304,1.0072,0.1427,-0.0015,0.0696,-0.1098,-0.0902,-0.0648,-2.0251,0.1520,0.1945,0.7847,4.1471,2.4145,0.5070,0.7058,0.8994,1
H-BayDöner,0.5644,0.1671,1.5644,-0.1401,0.3242,2.0055,1.6842,1.2253,-0.0109,0.1502,-0.0112,-0.0629,-0.0402,-0.1438,0.0367,0.0000,0.4657,8.6903,22.5793,0.6810,1.0653,2.2877,1
H-Borusan,1.0389,0.9722,2.0389,2.2343,0.8081,1.3314,0.5357,0.0824,0.0714,0.0958,0.0333,0.0259,0.0127,0.8884,0.0019,0.0207,0.8322,1.4587,5.0094,0.5088,1.0374,1.2465,1
H-Bosch Fren,2.6893,2.4724,3.6893,4.8099,3.6473,0.6263,0.4345,0.0595,0.1287,0.1463,0.0567,0.3481,0.0943,1.0436,0.0614,0.6125,1.0060,4.6006,2.7651,1.0219,3.7701,3.7476,1
H-Buyuk Sefler,0.8999,0.6854,1.8999,3.7911,0.5597,1.1870,0.8853,0.3833,0.1297,0.2567,0.0910,0.1671,0.0880,1.6735,0.0000,0.0000,0.6229,5.8320,6.4997,0.6972,1.3247,2.1265,1
H-Cates Elektrik,0.1761,0.1701,1.1761,-0.1707,0.0365,2.4982,1.0025,0.1666,-0.0450,0.0046,-0.0507,-0.0038,-0.0032,-1.1568,0.4061,0.0784,1.0310,3.7452,8.6921,0.1746,0.2053,0.1991,1
H-Celebi Hava,1.9467,1.5287,2.9467,9.2191,0.9646,1.1624,1.1246,0.4334,0.2134,0.2980,0.2014,0.2339,0.0794,4.8908,0.0002,0.0801,0.4827,28.5744,4.4301,0.5031,1.4824,3.0709,1
H-Celik Motor,2.7425,1.9788,3.7425,1.0551,2.6843,1.2769,0.6849,0.2845,0.0547,0.1054,0.0189,0.1633,0.0436,0.3481,0.0004,0.0035,0.0925,3.4865,5.9748,1.6550,6.1939,66.9800,1
H-Doktas Dokum,1.7613,1.7334,2.7613,1.7807,1.0093,0.9274,0.3876,0.0276,0.1069,0.1881,-0.0047,0.0175,0.0063,-0.0719,0.0006,0.0828,1.7109,1.9250,3.9272,0.4678,1.2916,0.7549,1
H-DYO Boya,1.6285,1.6039,2.6285,1.1324,1.1420,0.9815,0.5676,0.0215,0.0969,0.3181,0.0315,0.1081,0.0411,0.1713,0.0926,0.2576,0.9261,15.9383,1.6629,0.3744,0.9840,1.0625,1
H-Ege Endustri,0.4077,0.2893,1.4077,15.4726,0.1881,3.4022,2.1809,0.6294,0.4857,0.4151,0.2368,0.1389,0.0987,2.0873,0.2941,0.0025,0.4228,1.0054,3.2593,0.2805,0.3949,0.9339,1
H-Ege Profil,0.9572,0.9020,1.9572,9.5703,0.8258,1.2015,0.8940,0.0668,0.2372,0.3889,0.1326,0.1243,0.0635,2.7285,0.0946,0.0247,0.9100,2.3199,1.7661,0.4924,0.9637,1.0590,1
H-Eker Sut,1.1627,1.0924,2.1627,2.0028,0.7603,1.2809,0.9829,0.0925,0.1037,0.2785,0.0698,0.1574,0.0728,1.1619,0.0183,0.0211,1.0919,4.6153,3.4250,0.6700,1.4491,1.3272,1
H-Escar Filo,0.6046,0.4599,1.6046,0.5647,0.2950,1.8264,1.7093,0.4905,0.2067,0.2187,0.3806,0.0884,0.0551,1.0230,0.0000,0.0000,1.0578,5.0883,15.5447,0.1402,0.2250,0.2127,1
H-GAP Insaat,1.7866,1.6638,2.7866,2.2874,1.0008,1.4094,0.9237,0.1227,0.1573,0.1628,0.0869,0.0730,0.0262,1.1176,0.1878,0.0263,0.0367,0.9478,21.2309,0.1975,0.5504,14.9864,1
H-Hedef Arac,1.3951,1.3164,2.3951,0.2969,0.7348,0.8760,0.8038,0.1071,0.1122,0.2537,0.0772,0.0278,0.0116,0.2147,0.8336,0.0039,1.7428,7.4117,5.7614,0.2200,0.5269,0.3023,1
H-Izmir Demir,0.9985,0.8919,1.9985,-0.5060,0.8342,0.7287,0.2834,0.1279,-0.0276,-0.0314,-0.1479,-0.0859,-0.0430,-1.0990,0.0001,0.0245,1.3491,2.4480,12.4591,0.4411,0.8816,0.6535,1
H-Kafein Yazilim,0.2653,-0.0351,1.2653,73.1258,0.2365,3.4556,2.9744,1.2701,0.4112,0.3878,0.1753,0.1915,0.1513,31.1623,0.0000,0.0001,0.0382,3.4944,3.4496,0.5134,0.6496,16.9972,1
H-Kale Seramik,0.8872,0.6245,1.8872,-0.4754,0.7650,1.4309,0.7695,0.3433,-0.0792,0.1567,-0.2334,-0.1053,-0.0558,-1.0388,0.0143,0.0992,0.6138,0.8967,2.0459,0.2851,0.5380,0.8765,1
H-Kent Gida,0.7556,0.6847,1.7556,2.4092,0.6864,1.4258,0.9932,0.1033,0.0550,0.2159,-0.0246,0.0320,0.0182,-0.5777,0.0764,0.1261,0.7263,2.7805,2.0858,0.5996,1.0527,1.4495,1
H-Koc Holding,3.4992,3.1383,4.4992,3.2972,3.0118,0.9158,0.8425,0.1198,0.0789,0.2232,0.0228,0.0019,0.0004,0.3623,0.0797,0.0619,0.4549,3.4071,3.6743,0.1962,0.8829,1.9411,1
H-Konya Cimento,0.5752,0.5103,1.5752,21.1703,0.5427,1.2914,0.6301,0.1196,0.0572,0.1561,-0.0891,-0.0428,-0.0272,-1.0719,0.0195,0.3456,9.3508,1.7632,3.1067,0.4760,0.7498,0.0802,1
H-Makina Takim,0.8183,0.8182,1.8183,29.8871,0.6479,1.9398,1.3399,0.0001,0.6171,0.5586,0.0011,0.0814,0.0448,0.0552,0.0009,0.0180,0.4532,0.4606,0.6728,0.2231,0.4056,0.8951,1
H-Marmaris Altin,0.1708,-0.1850,1.1708,-2.3155,0.0245,14.7587,14.7567,14.5071,-0.3142,0.2501,-5.6894,-0.0421,-0.0360,-809.4105,0.0000,0.0260,0.6806,116.0062,325.6758,0.0063,0.0074,0.0109,1
H-Nurol Gayrimenkul,0.2120,0.1867,1.2120,1.2729,0.2113,1.3514,0.5871,0.1197,0.1399,0.5694,0.2218,0.0402,0.0332,1.9509,0.0000,0.0014,0.0177,0.4225,63.0907,0.1308,0.1585,8.9347,1
H-Opet Petrol,1.8336,1.4693,2.8336,-0.0169,1.5806,1.0472,0.7632,0.2305,-0.0003,0.0339,0.0095,0.0468,0.0165,0.5087,0.0377,0.4216,0.5570,14.4315,8.4183,2.3666,6.7061,12.0399,1
H-Oyak Cimento,0.2391,0.0582,1.2391,45.9376,0.1796,2.9609,2.1198,1.0072,0.2530,0.2701,0.2390,0.0848,0.0684,9.2665,0.0709,0.1081,0.4868,2.4251,3.0570,0.4051,0.5020,1.0310,1
H-Parsan Makina,0.5505,0.5397,1.5505,6.2936,0.3580,0.4429,0.0847,0.0302,0.1327,0.2424,-0.0548,0.0276,0.0178,-0.4842,0.0000,0.5807,0.9963,1.4384,5.0779,0.1570,0.2435,0.2444,1
H-Pegasus,2.9842,2.4700,3.9842,50.7850,0.8815,1.1105,1.0838,0.5833,0.1159,0.1423,-0.0061,0.0133,0.0033,-0.0462,0.0000,0.0025,0.2300,26.7708,14.9567,0.1840,0.7330,3.1874,1
H-Penta Teknoloji,1.8151,1.7132,2.8151,4.3266,1.7820,1.5169,0.9552,0.0572,0.0392,0.0800,0.0101,0.0607,0.0216,0.5111,0.0009,0.0019,0.0239,3.2859,2.3255,1.2697,3.5742,149.5012,1
H-Pinar Su,0.7583,0.7182,1.7583,-0.8329,0.5736,0.6506,0.4798,0.0700,-0.0856,0.4377,0.0011,0.0068,0.0039,0.0088,0.0641,0.0658,1.2663,2.9938,3.5392,0.2965,0.5214,0.4117,1
H-Setur,1.6886,1.2277,2.6886,3.3170,1.4267,1.1440,0.9468,0.3231,0.0984,0.2709,0.0323,0.0900,0.0335,0.1401,0.2123,0.0778,0.4150,4.6020,6.0473,0.6604,1.7755,4.2783,1
H-Sok Market,1.7482,1.4307,2.7482,-3.1296,1.3870,0.9444,0.3146,0.2289,-0.0366,0.1796,0.0057,0.0163,0.0059,0.2005,0.9438,0.0286,0.5088,3.1078,436.9179,1.2041,3.3091,6.5044,1
H-Tab Gida,0.5996,0.2139,1.5996,10.1398,0.3514,1.7174,1.6310,1.0975,0.1454,0.1692,0.0934,0.0721,0.0451,3.3182,0.4756,0.7129,0.5479,28.9057,10.8912,0.6605,1.0566,1.9282,1
H-Tat Gida,1.4944,1.3329,2.4944,0.0082,1.2869,1.3546,0.7455,0.1255,0.0014,0.1057,-0.1227,-0.1141,-0.0457,-0.6475,0.0701,0.0028,0.6504,1.2914,2.1670,0.4538,1.1320,1.7406,1
H-THY,1.1702,1.1127,2.1702,6.4384,0.5739,1.0013,0.8916,0.1001,0.1960,0.2162,0.0993,0.0992,0.0457,1.3810,0.0432,0.1772,0.3717,7.1098,8.6187,0.2633,0.5714,1.5371,1
H-Tiryaki Agro,2.5370,2.3628,3.5035,1.3110,2.2774,1.2208,0.7617,0.0765,0.0649,0.1104,-0.0010,0.0136,0.0038,-0.0163,0.5268,0.0001,0.6130,1.9235,2.5768,0.6392,2.2608,3.6883,1
H-Tiupras,0.7738,0.4019,1.7738,5.0859,0.7465,1.2066,0.8313,0.4981,0.0438,0.0884,0.0298,0.0276,0.0156,1.1408,0.2291,0.0094,0.7049,5.0960,8.2332,0.8830,1.5663,2.2221,1
H-Turk Traktor,1.0549,0.7137,2.0549,4.0828,0.9148,1.5178,0.8491,0.3729,0.1599,0.2388,0.1548,0.2466,0.1200,3.5201,0.2418,0.0694,0.4020,2.5597,6.7846,1.0010,2.0569,5.1161,1
H-Turkiye Sise,0.9048,0.5600,1.9048,0.1213,0.3244,2.3823,1.7588,1.0630,0.0109,0.2365,0.0510,0.0280,0.0147,0.2959,0.0012,0.0335,0.7429,1.6695,2.5819,0.2322,0.4423,0.5953,1
H-Ulusoy Elektrik,4.6221,4.2245,5.6221,-4.8526,3.2084,1.0714,0.5888,0.1240,-0.0536,0.0906,-0.0444,-0.0179,-0.0032,-0.6602,0.7302,0.5169,1.0168,1.7003,2.3595,0.5063,2.8466,2.7994,1
H-Vakif Gayrimenkul,0.1351,0.1070,1.1351,293.4039,0.1281,2.5274,0.8943,0.2196,0.6894,0.0869,0.5149,0.1497,0.1318,194.2576,0.0000,0.0031,0.0007,1.0595,3.6161,0.2291,0.2600,366.1048,1
H-VDF Filo,0.7773,0.7716,1.7773,-0.6596,0.6170,0.0864,0.0000,0.0092,-0.2132,-0.1914,-0.3599,-0.1559,-0.0877,-1.1094,0.0606,0.6583,1.6313,12.1444,17.5096,0.3057,0.5434,0.3331,1
H-Verusa Holding,0.1381,0.1348,1.1381,6.6953,0.1277,5.2492,5.0170,0.0258,1.6027,0.0779,1.5016,0.0970,0.0852,6.2172,0.0000,0.0000,0.3361,2.1670,2.3383,0.0612,0.0696,0.2072,1
H-Viking Kagit,9.1129,9.0025,10.1129,-0.3593,7.4593,0.3419,0.2281,0.0148,-0.2340,0.1129,-0.3214,-0.5002,-0.0495,-0.4070,0.4189,0.5533,8.1064,2.0698,2.4315,0.1957,1.9790,0.2441,1
H-Yunsa Yunlu,0.4009,0.3271,1.4009,6.3131,0.2887,1.8207,0.8956,0.2558,0.2161,0.2161,0.0480,0.0192,0.0137,4.8436,0.0000,0.0000,0.8293,0.7735,1.7636,0.1881,0.2635,0.3178,1
H-Zorlu Enerji,0.9729,0.9501,1.9729,1.0924,0.4522,0.5951,0.5520,0.0505,0.4481,0.1331,-0.0821,0.0507,0.0257,-0.0987,0.1497,0.0622,0.9198,8.9173,1.7708,0.1017,0.2007,0.2181,1
Afyon Cimento,0.1176,0.0481,1.1176,97.5169,0.1081,2.4321,1.6415,0.6423,0.2485,0.2927,0.2310,0.0307,0.0274,45.9781,0.0000,0.3302,0.7806,2.1210,2.7141,0.2293,0.2563,0.3283,0
Aksa Enerji,0.7387,0.7071,1.7387,141.8522,0.4293,0.8727,0.7611,0.0737,0.1741,0.2020,0.2288,0.0542,0.0312,1.4343,0.0927,0.0411,1.1475,5.2125,1.3045,0.1799,0.3128,0.2726,0
Alarko,0.4420,0.3685,1.4420,7.6101,0.3265,1.0542,0.9613,0.2248,0.1661,0.1032,-0.2655,-0.0230,-0.0159,1.3315,0.0200,0.0066,0.2004,2.2819,0.9478,0.0535,0.0772,0.3850,0
Aselsan,0.6379,0.6209,1.6379,5.4949,0.5150,1.4361,0.7888,0.0329,0.2620,0.3194,-0.0272,0.0322,0.0197,0.3026,0.4637,0.2191,0.2647,0.6437,1.3974,0.1925,0.3154,1.1914,0
Bati Soke,0.7679,0.7650,1.7679,-0.2344,0.3528,0.8867,0.4826,0.0082,-0.0306,0.0761,0.1160,0.0659,0.0373,0.3545,0.7487,0.1052,1.4315,2.2520,25.1034,0.1966,0.3475,0.2428,0
Birleşim Mühendislik,3.1939,3.0319,4.1939,33.0721,3.0950,1.1911,1.0737,0.0524,0.1326,0.1805,0.0674,0.0963,0.0230,-7.2050,0.0018,0.0197,0.4204,4.7846,1.4653,0.5058,2.1214,5.0455,0
Bizim Toptan,4.8292,4.4005,5.8292,-2.9017,3.9152,0.7243,0.3657,0.1095,-0.0751,0.1235,-0.0426,-0.3418,-0.0586,-1.1500,0.0259,0.3329,1.2010,5.8381,11.7432,1.6042,9.3513,7.7865,0
Brisa Bridgestone,1.3543,0.9840,2.3543,11.5042,1.0142,1.2141,0.9087,0.3652,0.0972,0.2556,0.0705,0.0456,0.0194,0.3968,0.0967,0.4279,0.9662,2.2010,2.6039,0.3890,0.9159,0.9479,0
Carrefour,3.5361,3.2571,4.5361,958.3562,2.9808,0.6651,0.2286,0.0936,53.3735,0.2237,38.7440,-0.1886,-0.0416,646.2817,0.0800,0.0146,0.6785,3.1112,18.4863,1.1496,5.2148,7.6861,0
Çimbeton,3.4574,3.4221,4.4574,-0.7256,3.1522,0.7930,0.7613,0.0112,-0.0155,0.0024,0.0006,-0.0351,-0.0079,-0.0243,0.0023,0.6444,0.9337,44.8896,1.9502,1.0096,4.5003,4.8197,0
Çimentaş,0.2994,0.2576,1.2994,19.7141,0.1820,2.1272,1.3984,0.2298,0.1605,0.1576,0.1456,0.0424,0.0326,-10.0826,0.0151,0.0031,0.3574,7.5372,2.2743,0.3402,0.4420,1.2368,0
Cimsa ,0.6036,0.4012,1.6036,3.3408,0.3721,1.2784,0.9335,0.5438,0.1880,0.2080,0.1899,0.0682,0.0425,2.5267,0.0000,0.0585,0.6920,2.5251,3.2547,0.2552,0.4092,0.5914,0
Çuhadaroğlu,1.9278,1.7769,2.9278,2.6238,1.6802,1.2347,0.8559,0.0898,0.0705,0.2453,-0.0424,-0.0592,-0.0202,0.6513,0.0000,0.0367,0.5895,1.6903,4.4077,0.4869,1.4256,2.4181,0
Deva Holding,0.4573,0.3919,1.4573,1.1733,0.4199,1.6537,1.0124,0.1556,0.1932,0.4154,0.0578,0.0248,0.0170,0.3275,0.0744,0.0975,0.4097,0.7927,1.6321,0.2505,0.3651,0.8910,0
Ditas Dogan,2.7215,2.6379,3.7215,-2.3392,2.3552,0.7664,0.4395,0.0355,-0.1804,0.0179,-0.2061,-0.1023,-0.0275,-1.5578,0.0000,0.0053,1.0182,2.3216,2.3635,0.4891,1.8201,1.7876,0
Dogan Burda,4.9258,4.8308,5.9258,10.6464,3.6394,1.3522,1.3022,0.0261,0.0438,0.5378,0.0342,0.1608,0.0271,3.3915,0.0000,0.0531,0.1473,17.8120,1.9657,1.1840,7.0162,47.6234,0
Dogan Sirketler,0.7823,0.4887,1.7823,2.2795,0.6012,1.8288,1.5672,0.4882,0.2308,0.1944,0.1035,0.0249,0.0140,0.6557,0.0000,0.0071,0.2480,2.1598,4.1303,0.2210,0.3938,1.5879,0
Dogan Trend,6.2916,5.1740,7.2916,0.2290,5.5216,1.0136,0.3545,0.2024,0.0174,0.1249,-0.0513,-0.4875,-0.0669,-0.4457,0.0055,0.0096,1.2989,1.8386,10.8207,1.0487,7.6465,5.8868,0
Dogu Aras,0.6847,0.6247,1.6847,4.0925,0.3704,1.6111,1.5723,0.1618,0.1876,0.2588,0.0657,0.0424,0.0252,1.3383,0.0008,0.4418,0.0042,74.4313,4.1165,0.8556,1.4415,344.7024,0
EIS Eczacibasi,0.2192,0.1869,1.2192,1.8477,0.0917,1.3718,0.9382,0.3520,0.1507,0.4077,0.0515,0.0034,0.0028,0.3639,0.0529,0.1210,0.1117,1.3579,2.3410,0.0747,0.0911,0.8160,0
Enerjisa Enerji,1.3978,1.3501,2.3978,1.2126,0.8344,0.8883,0.8244,0.0572,0.1471,0.2434,0.0060,-0.0456,-0.0190,0.0473,0.0040,0.0095,0.1326,16.1506,2.8713,0.4748,1.1386,8.5860,0
Enka Insaat,0.2767,0.1268,1.2767,838.1015,0.1965,2.8034,2.5368,0.7629,0.3295,0.2512,0.3229,0.0462,0.0362,17.5029,0.0000,0.0000,0.1924,2.4245,3.6992,0.1328,0.1696,0.8813,0
Ensari Deri Gıda ,0.5774,0.5612,1.5774,2.0623,0.4352,1.7261,0.3253,0.0373,0.1341,0.2670,-0.0082,-0.0496,-0.0314,0.0380,0.0091,0.0000,0.4223,0.2836,2.4762,0.1495,0.2359,0.5586,0
Esenboga Elektrik,0.4267,0.4195,1.4267,5.4173,0.1297,0.7754,0.7483,0.0562,2.1664,0.2823,2.9967,0.0929,0.0651,4.0726,0.0000,0.0000,0.8968,6.8908,0.5327,0.0236,0.0337,0.0376,0
Galata Wind Elek.,0.3234,0.2868,1.3234,26.6590,0.0817,1.7002,1.6916,0.4488,0.4969,0.5357,0.6095,0.0477,0.0360,7.2881,0.0000,0.0239,0.8167,74.0798,4.7489,0.0846,0.1120,0.1371,0
Goltas Goller,0.7662,0.7534,1.0000,1.3359,0.2338,0.9385,0.6362,0.0548,0.0806,0.2048,0.1956,0.0159,0.0603,1.0742,0.0681,0.0043,0.4402,1.2791,2.3441,1.0000,0.2633,0.5982,0
Goodyear,2.3244,2.0832,3.3244,0.3392,2.0958,1.0736,0.6979,0.1151,0.0260,0.1084,-0.0125,-0.0444,-0.0134,0.1417,0.0817,0.7104,0.8712,0.4444,2.6925,0.8055,2.6777,3.0736,0
Gubre Fabrikalari,0.8955,0.7410,1.8955,-0.6124,0.8263,0.9257,0.6004,0.1869,-0.0222,0.1161,-0.1430,-0.1221,-0.0644,2.5591,0.2161,0.0098,0.8709,1.3073,5.5753,0.5229,0.9912,1.1381,0
Hektas Ticaret,2.0176,1.3486,3.0176,-0.1152,1.7452,0.8956,0.5878,0.3833,-0.2389,0.0342,1.3659,-0.1463,-0.0485,1.0000,0.1064,0.1182,1.0245,0.5715,2.4081,0.1053,0.3179,0.3103,0
Inteme Insaat,4.7210,4.6583,5.7210,9.4356,4.5820,1.1667,1.1120,0.0137,0.1828,0.6015,0.0723,0.0355,0.0062,-3.7212,0.0027,0.9563,0.1188,1.7839,0.2243,0.1958,1.1202,9.4289,0
Kardemir Karabuk,0.5939,0.5557,1.5939,-0.7539,0.4744,1.3560,0.6011,0.0806,-0.0083,0.0608,-0.0412,-0.0406,-0.0254,-0.7196,0.0627,0.0006,0.9374,1.4127,5.5229,0.3380,0.5387,0.5747,0
Karel Elektrik,2.6699,2.4700,3.6699,-0.1068,2.3651,0.9889,0.5922,0.0845,-0.0079,0.0937,-0.0425,-0.1225,-0.0334,-0.4009,0.0018,0.0000,0.5283,2.0631,2.6900,0.5820,2.1360,4.0432,0
Kervan Gıda,1.2209,1.1176,2.2209,1.5777,1.0615,0.9622,0.5500,0.0973,0.0908,0.2777,-0.0100,-0.0193,-0.0087,0.0831,0.0003,0.0182,1.0361,1.7454,2.9145,0.4761,1.0575,1.0206,0
Kimteks ,2.7874,2.6553,3.7874,0.9212,2.5626,1.2472,1.0907,0.0516,0.1354,0.1383,-0.0710,-0.1217,-0.0321,-0.4505,0.0033,0.0000,0.5276,4.6295,1.2005,0.5688,2.1543,4.0832,0
Klimasan Klima,1.8047,1.7753,2.8047,1.5761,1.5588,1.1773,0.8941,0.0189,0.1110,0.0716,-0.0138,0.0666,0.0237,1.0000,0.0566,0.0092,1.8351,0.2744,1.2579,0.3370,0.9452,0.5151,0
Kordsa Tekstil,1.3566,1.2547,2.3566,0.8554,0.7740,1.3621,0.7250,0.1316,0.0410,0.1537,0.0002,0.0070,0.0030,0.0026,0.0589,0.0247,0.6063,1.4712,2.5654,0.3637,0.8572,1.4138,0
Koroplast Temizlik,0.8807,0.8376,1.8807,0.5574,0.6051,1.7422,1.2947,0.0712,0.0527,0.3631,-0.0132,-0.0376,-0.0200,-0.1130,0.0000,0.0727,0.3630,2.1237,1.2562,0.4802,0.9031,2.4879,0
Koton Magazacilik,1.5575,1.3392,2.5575,4.2785,1.1934,1.3447,0.5076,0.1829,0.0596,0.5535,0.0553,0.0995,0.0389,0.7605,0.0000,0.0000,0.2480,0.7330,6.5612,0.6412,1.6398,6.6127,0
Lila Kagit,0.3527,0.0312,1.3527,11.6063,0.3002,2.9101,2.3088,1.0710,0.3023,1.0354,0.1410,0.0570,0.0422,0.6870,0.0000,0.0000,0.4539,2.1818,1.8465,0.4173,0.5644,1.2436,0
Logo Yazilim,1.3177,1.2121,2.3177,3.3863,1.0368,0.5704,0.5591,0.1019,0.2673,0.8135,0.1041,0.0790,0.0341,1.1789,0.0030,0.0004,0.1346,14.7633,2.5622,0.3991,0.9249,6.8729,0
Margun Enerji,0.4189,0.4116,1.4189,0.7803,0.1186,0.7900,0.7610,0.0612,46.4456,131.8472,538.2291,0.0952,0.0671,1.4127,0.0000,0.0000,0.9047,9.9018,0.0033,0.0001,0.0002,0.0002,0
Marshall Boya,2.3444,2.0485,3.3444,0.9744,2.3116,1.0409,0.8463,0.1280,0.0697,0.3277,0.0307,0.0306,0.0091,0.4299,0.0091,0.2675,0.8856,3.8452,1.7353,0.7693,2.5728,2.9053,0
Mavi Giyim,1.1137,0.3667,2.1137,2.1946,0.9694,1.6283,1.0480,0.7706,0.1517,0.5182,0.1275,0.1822,0.0862,1.4964,0.0000,0.1237,0.1902,1.6846,10.2297,0.9307,1.9673,10.3447,0
Mepet Metro,0.2720,0.2246,1.2720,5.3053,0.2084,0.5826,0.4631,0.2276,0.0247,0.0328,-0.0866,-0.0787,-0.0619,4.1858,0.3505,0.1058,1.0370,43.7885,31.6858,0.8862,1.1273,1.0871,0
MLP Saglik,1.0269,0.8920,2.0269,2.7714,0.5926,0.8898,0.7964,0.2277,0.2148,0.2553,0.1955,0.1817,0.0896,2.1538,0.0000,0.0180,0.2732,12.5069,3.3113,0.4585,0.9294,3.4023,0
Mobiltel,0.4290,0.4187,1.4290,1.1655,0.3055,1.2573,1.0127,0.0337,0.0902,0.1218,-0.0255,-0.0199,-0.0140,0.2990,0.0362,0.0994,0.0304,7.4164,3.8996,0.4417,0.6311,20.7795,0
Naturel Enerji,0.4806,0.4734,1.4806,5.3347,0.1912,1.0379,1.0193,0.0378,0.6503,0.1715,1.0426,0.1073,0.0725,-4.9389,0.0000,0.0000,0.8640,25.7951,0.8227,0.0748,0.1108,0.1282,0
Odine Solutions,0.2867,-0.1561,1.2867,47.7264,0.2666,3.4518,3.3513,1.6608,0.2302,0.4135,0.0182,-0.0011,-0.0009,0.0711,0.0560,0.0107,0.0140,5.4282,1.3475,0.1927,0.2480,17.7115,0
Ozak Gayrimenkul,0.0903,0.0768,1.0903,2.5287,0.0766,3.9652,1.5652,0.1750,0.4964,0.2241,0.2898,0.0107,0.0098,1.1090,0.1309,0.1866,0.2385,0.1518,6.5407,0.0330,0.0360,0.1508,0
Park Elektrik,0.1731,0.1623,1.1731,24.0957,0.1250,1.8479,1.7030,0.0860,0.2197,0.3707,0.0383,0.0116,0.0099,2.7252,0.4650,0.0355,0.4098,2.6244,3.9713,0.0643,0.0755,0.1842,0
Sabanci Holding,5.1134,4.8398,6.1134,9.3571,4.5930,0.7812,0.7666,0.0596,0.4053,1.1080,7.1560,-0.0340,-0.0056,7.2881,0.0000,0.0000,0.1836,2.4006,7.0923,0.0315,0.1923,1.0476,0
Seker Gayrimenkul,0.1497,0.1241,1.1497,1.1299,0.0902,1.3145,1.1997,0.2830,0.1924,0.3635,0.2774,0.0137,0.0119,0.6086,0.0000,0.2553,0.0264,3.0316,26.2914,0.0429,0.0493,1.8687,0
Shell,2.0390,1.9046,3.0390,1.3757,1.7762,0.9563,0.6133,0.0756,0.0100,0.0065,-0.0016,0.0728,0.0239,-0.4852,0.0214,0.3121,0.4706,0.9090,10.8564,3.2870,9.9891,21.2279,0
Tarkim Bitki,0.1843,0.0521,1.1843,0.1859,0.1287,5.6463,3.8317,1.0268,0.0707,0.1668,-0.0934,0.1286,0.1086,-1.9858,0.8342,0.0503,0.2731,1.2406,2.5074,0.2936,0.3477,1.2734,0
TAV Havalimani,2.2041,1.8681,3.2041,1.6954,0.6821,0.9464,0.9001,0.4926,0.2497,0.3844,0.1406,0.0559,0.0174,1.1362,0.0555,0.0061,0.5290,9.1089,4.5204,0.1457,0.4669,0.8826,0
Teknosa,5.2558,4.5837,6.2558,-2.2098,5.0211,1.0015,0.2282,0.1339,-0.0458,0.1174,-0.0321,-0.2616,-0.0418,-0.4545,0.0342,0.0057,0.4079,2.5897,35.2853,1.8211,11.3924,27.9269,0
Tofas,1.2156,0.7547,2.2156,111.4385,1.0200,1.5606,1.1976,0.4519,0.0864,0.0100,-0.0154,0.1001,0.0452,-0.5276,0.5434,0.5816,0.2680,3.5107,2.9855,0.6804,1.5075,5.6240,0
Tuborg,0.7500,-0.2458,1.7500,31.0864,0.7226,1.4531,1.0776,1.3782,0.0943,0.2297,0.0702,0.0861,0.0136,2.1215,0.0000,0.0000,0.5793,1.5233,3.8915,0.2765,1.7500,3.0211,0
Ulker ,1.9317,1.2887,2.9317,3.9651,0.6331,2.9081,2.2756,1.0157,0.2508,0.3137,0.1550,0.1547,0.0528,0.9708,0.5733,0.2899,0.7532,2.4089,2.4160,0.4794,1.4055,1.8661,0
Vakko,0.6421,0.5469,1.6421,2.2197,0.4103,2.4736,0.5579,0.2321,0.0908,0.5390,0.1191,0.0745,0.0454,1.6397,0.0849,0.0102,1.0148,0.5414,27.2021,0.5620,0.9228,0.9093,0
2023-BİEN YAPI,0.7972,0.7863,1.7972,4.6508,0.7350,2.1505,1.7917,0.0149,0.1430,0.1949,0.1661,0.0728,0.0405,3.0048,0.1197,0.1406,0.1669,1.9121,1.3787,0.3486,0.6265,3.7543,0
2023-BİOTREND,7.2736,6.7040,8.2736,3.8630,2.4960,1.0770,0.9290,0.2282,0.2603,0.2015,0.2783,0.3991,0.0482,2.8749,0.0000,0.0000,4.5350,3.4954,1.9629,0.1954,1.6170,0.3566,0
2023-BİRLİK MENSUCAT,1.4404,0.1387,2.4404,9.7471,1.1892,1.7176,-1.9295,1.0946,0.5109,0.4919,0.4266,0.1525,0.0625,0.6568,0.0000,0.0011,0.0032,0.0419,3.8268,0.1465,0.3575,111.8442,0
2023-BURÇELİK BURSA,1.0481,0.9715,2.0481,0.1615,0.7399,0.9870,0.5968,0.1035,0.0056,0.2717,0.0087,0.0069,0.0034,0.1937,0.0000,0.0002,1.2690,1.2276,2.7462,0.2376,0.4867,0.3836,0
2023-BÜLBÜLOĞLU,2.3913,2.1970,3.3913,0.3903,1.6143,1.5044,0.7591,0.1203,0.0112,0.1604,0.1011,0.0699,0.0206,0.3628,0.0017,0.0000,0.8594,0.4780,1.4902,0.2020,0.6850,0.7971,0
2023-BÜYÜK ŞEFLER,1.3673,0.6598,2.3673,5.3517,0.8563,1.5459,1.3926,0.8262,0.1665,0.3313,0.1378,0.2436,0.1029,3.0881,0.0000,0.0000,0.4757,10.6869,2.9649,0.8861,2.0975,4.4091,0
2023-CONSUS ENERJİ,1.5105,1.4247,2.5105,0.7557,0.8897,0.4727,0.3455,0.0964,0.1100,0.1869,0.0086,0.0143,0.0057,0.0529,0.1365,0.0000,2.0069,2.7140,4.2723,0.1505,0.3777,0.1882,0
2023-COSMOS YATIRIM,1.8620,1.5304,2.8620,5.4356,1.8385,1.3719,0.9397,0.1803,0.0245,0.0902,0.0477,0.0906,0.0317,10.5586,0.6326,0.0000,0.0878,3.6016,2.5908,0.9274,2.6543,30.2245,0
2023-CVK MADEN,0.1818,0.1776,1.1818,55.5340,0.0784,8.3232,7.6187,4.5832,0.5200,0.5416,0.6436,0.1434,0.1213,24.6850,0.0000,0.0033,0.4751,2.2181,2.9962,0.2262,0.2673,0.5626,0
2023-ÇALIK DENİM,3.8592,3.8079,4.8592,0.9486,2.7169,1.1438,0.6264,0.0189,0.1278,0.1186,0.2889,-0.4453,-0.0916,0.6903,0.0696,0.0961,0.7286,0.8652,1.1698,0.2840,1.3799,1.8938,0
2023-ÇELEBİ HAVA,2.1308,1.6735,3.1308,11.5760,1.0263,1.0393,1.0076,0.4455,0.2414,0.3041,0.2436,0.1769,0.0565,8.1695,0.0379,0.0528,0.4939,23.6406,3.5953,0.3524,1.1034,2.2341,0
2023-ÇELİK HALAT,60.7043,56.1984,61.7043,1.1948,58.4994,0.8588,0.5256,0.0770,0.0551,0.1335,0.0008,0.6665,0.0108,0.0143,0.0000,0.0000,8.5688,1.7926,2.1395,0.6535,40.3219,4.7057,0
2023-DAGİ YATIRIM,5.3342,5.3041,6.3342,-2.2403,5.0499,1.1694,0.4953,0.0060,-0.0369,0.0163,-0.0568,-0.5676,-0.0896,-2.8464,0.4984,0.0000,0.2810,2.9036,118.8626,1.5865,10.0494,35.7691,0
2023-DARDANEL,1.2965,1.2661,2.2965,1.9863,1.1436,0.2421,0.2421,0.0265,0.1239,0.2716,-0.0588,-0.0708,-0.0308,-0.3218,0.0000,0.0016,1.3020,0.0000,6.9008,0.5211,1.1966,0.9191,0
2023-DATAGATE BİLGİ,3.6808,3.4019,4.6808,0.7883,3.6703,1.2459,0.9397,0.0760,0.0378,0.0738,0.0028,0.0187,0.0040,0.0591,0.0000,0.3505,0.0015,4.5034,1.9512,1.1675,5.4650,3572.1405,0
2023-DEVA HOLDİNG,1.1390,0.9942,2.1390,6.1476,1.0121,1.4312,0.9707,0.1431,0.5025,0.5779,0.3889,0.2597,0.1214,3.4227,0.0577,0.0740,0.3543,0.6807,1.4550,0.3514,0.7516,2.1216,0
2023-DOĞAN ŞİRKET,0.6729,0.4042,1.6729,14.3156,0.5560,2.3013,2.1221,0.4833,0.7340,0.3705,0.5847,0.2080,0.1243,3.3147,0.0020,0.0033,0.1024,0.9677,2.8538,0.2245,0.3756,3.6697,0
2023-DOĞU ARAS,1.3380,1.0889,2.3380,10.9756,0.7327,1.5493,1.4662,0.3400,0.1736,0.2602,0.1411,0.3101,0.1327,3.6358,0.0023,0.8649,0.0040,29.5649,5.9816,1.0410,2.4338,607.7026,0
2023-DOĞUŞ OTOMOTİV,0.9661,0.8377,1.9661,40.2111,0.7424,1.6585,0.7081,0.1731,0.2658,0.2399,0.2309,0.4765,0.2423,5.9031,0.7695,0.0623,0.1048,2.6399,7.5795,1.2463,2.4505,23.3752,0
2023-DURAN DOĞAN,1.4338,1.3496,2.4338,3.9397,1.2687,1.1096,0.6213,0.0663,0.2357,0.2343,0.0153,0.0465,0.0191,0.0693,0.0000,0.0587,0.2294,1.4148,1.9074,0.4703,1.1446,4.9891,0
2023-EGE ENDÜSTRİ,0.9637,0.7379,1.9637,26.0305,0.3924,3.4553,2.8288,0.5756,0.6228,0.3529,0.4460,0.2631,0.1340,1.5345,0.1961,0.0027,0.2383,1.8272,1.9351,0.3534,0.6941,2.9130,0
2023-EGE PROFİL,1.7544,1.4183,2.7544,62.8529,1.5779,1.2637,1.0824,0.2130,0.2267,0.3874,0.2645,0.2651,0.0962,12.5397,0.1708,0.0166,0.7210,2.7198,1.0363,0.4611,1.2701,1.7616,0
2023-ELİTE NATURE,0.4581,0.3806,1.4581,25.5712,0.3726,2.6631,1.9867,0.2079,0.4830,0.6127,0.4677,0.2614,0.1793,11.1728,0.9190,0.0000,0.4270,1.0197,1.0955,0.4551,0.6635,1.5539,0
2023-EMEK ELEKTRİK,2.9578,2.8705,3.9578,138.2797,2.6249,0.9459,0.6940,0.0332,0.5326,0.2352,-0.6116,-0.2876,-0.0727,-4.2456,0.3141,0.2888,1.3477,0.7548,0.6104,0.1649,0.6526,0.4842,0
2023-EMLAK KONUT,1.8479,1.2171,2.8479,82.7171,1.7147,1.4795,0.6358,0.3678,0.2293,0.3617,0.2524,0.1314,0.0461,3.5081,0.0000,14.8297,0.0188,0.2298,2.6391,0.1829,0.5208,27.7717,0
2023-ENERYA ENERJİ,0.6526,0.5323,1.6526,33.3818,0.4342,0.5738,0.5573,0.2769,0.0996,0.0860,0.0267,0.0185,0.0112,0.3586,0.0091,0.0109,1.3903,106.7948,7.4415,0.5064,0.8369,0.6019,0
2023-ENKA İNŞAAT,0.2865,0.1178,1.2865,515.4251,0.2073,2.6423,2.4274,0.8136,0.2686,0.2222,0.2695,0.0388,0.0301,12.2257,0.0000,0.0000,0.1131,3.3836,4.0286,0.1507,0.1938,1.7144,0
2023-ERCİYAS ÇELİK,2.1375,2.0112,3.1375,7.7132,1.7781,1.0933,0.9532,0.0711,0.1490,0.1664,0.0203,0.0146,0.0047,0.1435,0.1891,0.0621,1.0359,5.4335,2.9705,0.5176,1.6239,1.5677,0
2023-EREĞLİ TEKSTİL,2.1554,2.0792,3.1554,3.2907,1.6135,1.1964,0.6762,0.0473,0.1540,0.3352,0.1141,0.1058,0.0335,2.4088,0.4626,0.2073,0.9469,1.0119,3.0481,0.4049,1.2777,1.3494,0
2023-ESENBOĞA ELEKTRİK,0.4792,0.4648,0.0000,9.2169,0.1944,0.9566,0.9497,0.0745,2.2923,0.0463,2.0013,0.0727,0.0491,3.3551,0.0000,0.2112,0.9679,29.0817,0.4536,0.0276,0.0409,0.0422,0
2023-ETİLER GIDA,1.3207,1.2552,2.3207,3.6997,1.0280,1.3851,1.1317,0.0637,0.2100,0.2015,0.1592,0.0909,0.0392,2.2451,0.0041,0.0000,0.5552,1.7835,0.6034,0.2507,0.5818,1.0478,0
2023-EUROPOWER,0.5540,0.4140,1.5540,12.1228,0.4414,3.0001,2.5787,0.3173,0.5458,0.2553,0.5799,0.2143,0.1379,6.2737,0.2336,0.1146,0.1893,1.8162,2.4313,0.2919,0.4536,2.3967,0
2023-EYG GAYRİMENKUL,2.0381,1.9784,3.0381,34.2610,1.8207,1.3042,0.3823,0.0328,0.3569,0.3856,0.4037,0.1729,0.0569,27.8118,0.0044,0.0213,0.0310,0.1570,3.7302,0.1412,0.4290,13.8165,0
2023-FADE GIDA,0.3510,0.3317,1.3510,97.4236,0.1406,1.7933,1.7660,0.1370,1.8568,-0.0044,1.8573,0.3374,0.2497,89.4839,0.0001,0.0085,0.1376,50.1267,11.8884,0.1695,0.2290,1.6638,0
2023-FASDAT GIDA,2.6519,2.5879,3.6519,3.3567,2.5055,1.2156,0.8655,0.0256,0.0399,0.0445,0.0280,0.1350,0.0370,2.3566,0.7072,0.1005,0.4535,5.9700,3.0986,1.4337,5.2358,11.5465,0
2023-FORTE BİLGİ,0.3381,-0.2671,1.3381,4.5747,0.3161,3.8476,3.4604,1.9147,0.2540,0.3231,0.3429,0.1278,0.0955,5.5079,0.0000,0.0000,0.0074,2.4312,1.1210,0.3285,0.4396,59.7949,0
2023-FRİGO PAK GIDA,0.9387,0.8980,1.9387,7.8537,0.7146,2.0131,0.9053,0.0570,0.2010,0.2461,0.0374,0.0247,0.0127,0.1985,0.0000,0.0077,0.4655,0.9059,3.4385,0.4906,0.9512,2.0436,0
2023-FUZUL GAYRİMENKUL,1.8670,1.8610,2.8670,2.2310,0.6880,2.6468,0.5581,0.0087,3.1655,0.9214,2.3316,0.0834,0.0291,1.6383,0.8587,0.4802,0.0040,0.0008,0.0825,0.0049,0.0140,3.5090,0
2023-GAP İNŞAAT,1.6613,1.5222,2.6613,1.6414,0.9954,1.1730,0.7681,0.1397,0.1680,0.2459,0.3178,0.0749,0.0281,2.8013,0.2259,0.0154,0.0311,0.4640,8.0488,0.0932,0.2480,7.9836,0
2023-GİRİŞİM ELEKTRİK,1.0250,0.8906,2.0250,12.3699,0.8701,1.9283,1.7371,0.1545,0.4339,0.3555,0.4148,0.1942,0.0959,3.2384,0.0591,0.0083,0.2891,2.2119,1.7180,0.2820,0.5710,1.9749,0
2023-GLOBAL MENKUL,6.4939,5.7012,7.4939,2.8135,6.3818,1.1447,1.1447,0.1242,0.0097,0.0214,0.0070,0.2657,0.0355,1.9172,0.0348,0.0000,0.0644,0.0000,8.9101,6.6944,50.1674,779.3381,0
2023-GLOBAL YATIRIM,5.2016,4.7617,6.2016,2.1464,1.2877,0.8270,0.7939,0.3416,0.2583,0.0773,0.1632,0.1035,0.0167,0.7061,0.0000,0.0000,1.0742,12.2827,3.3112,0.1207,0.7486,0.6969,0
2023-GÖLTAŞ GÖLLER,1.0588,1.0326,2.0588,10.0061,0.7392,1.0550,1.0195,0.0355,0.3231,0.3295,0.1978,0.1977,0.0960,1.4705,0.0434,0.0084,0.4196,31.0797,3.1029,0.5902,1.2151,2.8961,0
2023-GRAINTURK,0.0945,0.0844,1.0945,0.0839,0.0486,13.6955,8.0599,0.2081,0.0015,0.1121,-0.0182,0.0079,0.0072,-0.9239,0.0000,0.0000,0.3067,0.7841,2.3430,0.2212,0.2421,0.7892,0
2023-GSD DENİZCİLİK,0.3298,-0.2173,1.3298,0.7998,0.1192,4.7929,4.7766,4.5886,0.1250,-0.0067,-0.0355,-0.0015,-0.0011,-0.2210,0.3489,0.0032,0.7558,30.5319,16.5009,0.0444,0.0590,0.0780,0
2023-GSD HOLDİNG,0.2345,0.0508,1.2345,26.7129,0.1349,4.9847,4.9734,1.3625,1.7859,0.9006,1.7145,0.0686,0.0555,24.0281,0.0000,0.0000,0.5597,25.9220,0.4764,0.0386,0.0476,0.0850,0
2023-GÜLER YATIRIM,0.6341,0.3307,1.6341,2.3438,0.4983,2.3174,2.2968,0.6089,4.6751,4.9914,2.8738,0.0857,0.0525,1.4365,0.0000,0.0000,0.3740,1.6129,1.7847,0.0200,0.0327,0.0874,0
2023-GÜR-SEL,0.7999,0.7140,1.7999,6.1829,0.5761,1.1191,1.1131,0.1491,0.2108,0.2191,0.1913,0.1379,0.0766,5.2461,0.0110,0.0001,0.7800,184.3974,2.0348,0.4582,0.8248,1.0574,0
2023-HATEKS HATAY,0.9359,0.9359,1.9359,0.1414,0.8191,1.2066,0.7945,0.0000,0.0250,0.1625,-0.0075,-0.0082,-0.0043,-0.1016,0.0057,0.0005,0.8328,1.0525,1.9467,0.2191,0.4242,0.5094,0
2023-HEDEF ARAÇ,1.1384,1.0597,2.1384,1.6707,0.6246,0.3274,0.2941,0.1261,0.4714,0.5555,0.2173,0.0672,0.0314,0.7334,0.6418,0.0095,1.9126,8.3264,5.5321,0.1820,0.3893,0.2035,0
2023-HEKTAŞ TİCARET,3.8306,3.1414,4.8306,0.4994,3.4448,0.9634,0.7078,0.2001,0.1384,0.3628,-0.0756,-0.0572,-0.0119,-0.1757,0.0000,0.1502,0.7567,0.6404,0.6929,0.1832,0.8852,1.1698,0
2023-HİDROPAR,1.8324,1.4831,2.8324,0.0276,1.6887,1.2110,0.5943,0.2069,0.0034,0.4724,-0.0063,0.0059,0.0021,0.0504,0.1029,0.0723,0.4384,0.2662,1.5271,0.1855,0.5254,1.1985,0
2023-HÜRRİYET GAZETE,0.4921,0.4899,1.4921,-21.5475,0.2927,1.9986,1.9046,0.0077,-1.1284,-0.2821,-1.1766,-0.1500,-0.1005,-24.4474,0.4283,0.2077,0.4657,7.4418,2.0700,0.1071,0.1598,0.3432,0
2023-ICU GİRİŞİM,1.9066,0.1707,2.9066,-246.8671,1.8855,0.9424,0.9424,0.9207,0.0000,0.0000,0.0000,-0.1247,-0.0429,-6.9422,0.0000,0.0000,0.0000,0.0000,0.0000,0.0000,0.0000,0.0000,0
2023-INGRAM,4.9856,4.4106,5.9856,3.4558,4.4688,1.3048,1.0841,0.1287,0.0359,0.0502,0.0153,0.0369,0.0062,0.5297,0.0001,0.0124,0.0404,5.0249,1.2443,0.8715,5.2167,128.9936,0
2023-IŞIK PLASTİK,0.5289,0.4914,1.5289,11.7959,0.4879,1.5059,1.0710,0.0770,0.1151,0.1400,0.0828,0.1037,0.0678,2.1644,0.0114,0.0395,0.7414,2.7653,4.0817,1.0000,1.5289,2.0621,0
2023-IŞIKLAR ENERJİ,0.4851,0.4851,1.4851,4.2796,0.3857,1.5558,0.8875,0.0000,0.0811,0.2302,0.0567,0.0135,0.0091,0.7325,0.0188,0.0003,0.4598,1.5155,3.2928,0.3417,0.5075,1.1037,0
2023-İHLAS EV ALETLERİ,0.3209,0.2826,1.3209,1941.9355,0.2114,4.1748,3.0813,0.1809,0.1087,0.1672,0.1039,0.0737,0.0558,13.0530,0.2084,0.1757,0.0283,3.2789,1.5717,0.6890,0.9101,32.1140,0
2023-İHLAS GAYRİMENKUL,0.2029,0.1602,1.2029,-5.2756,0.1306,1.2783,0.0000,0.3274,-0.2733,0.2096,-0.0887,-0.0233,-0.0194,-1.3747,0.0327,0.2312,0.0025,0.6745,0.4722,0.1184,0.1424,56.2913,0
2023-İHLAS HOLDİNG,0.9350,0.8687,1.9350,4.8012,0.2970,4.2920,2.1062,0.2232,0.0621,0.2417,0.0750,0.0198,0.0102,3.6792,0.0046,0.0074,0.2853,0.4385,0.9671,0.1940,0.3754,1.3158,0
2023-İHLAS YAYIN HOLDİİNG,0.2591,0.1560,1.2591,9.4862,0.1303,4.2405,3.4754,0.7913,0.0321,0.1948,0.0661,0.0167,0.0133,2.4190,0.0878,0.1375,0.1815,2.9879,1.5968,0.2937,0.3698,2.0377,0
2023-İNDEKS BİLGİSAYAR,5.2300,4.1636,6.2300,2.0063,5.2193,0.2616,0.0000,0.2043,0.0428,0.0546,0.0296,0.2042,0.0328,1.3667,0.0000,0.0001,0.0212,7.2240,3.1310,1.5833,9.8642,464.2887,0
2023-İZDEMİR ENERJİ,0.4924,0.4750,1.4924,11.8821,0.4800,0.9578,0.2131,0.0362,0.0908,0.0989,0.0265,0.0546,0.0366,0.4072,0.0350,0.0387,0.7274,3.1310,24.1022,0.8321,1.2418,1.7071,0
2023-İZMİR DEMİR,9.0813,8.7931,10.0813,-33.3891,7.4297,0.6635,0.2291,0.0388,-0.8935,0.1065,-0.0888,-0.7682,-0.0762,-0.3967,0.0017,0.0818,3.7618,2.4931,16.0268,0.8934,9.0067,2.3943,0
2023-İZMİR FIRÇA,1.1935,1.1571,2.1935,3.5089,1.0295,1.6706,1.1670,0.0354,0.0772,0.1916,0.0537,0.0567,0.0258,2.0430,0.0000,0.0372,0.3990,2.0909,1.2672,0.6112,1.3408,3.3600,0
2023-KAFEİN YAZILIM,0.4377,0.3885,1.4377,8.9766,0.3802,2.6708,2.5413,0.1296,0.0504,0.2938,0.0898,0.1128,0.0785,15.8898,0.0003,0.0000,0.0472,15.9009,2.3415,0.7711,1.1086,23.4735,0
2023-KALESERAMİK,2.8668,2.6049,3.8668,1.7784,2.3932,1.0863,0.7051,0.1095,0.1227,0.2455,0.1158,0.2735,0.0707,0.8649,0.0027,0.1037,0.6406,1.4142,1.6959,0.4422,1.7098,2.6689,0
2023-KARTONSAN,0.3463,0.0771,1.3463,-51.7575,0.2973,2.8411,1.5575,0.9056,-0.0567,0.0261,-0.0725,-0.0025,-0.0019,-4.5722,0.0588,0.0015,0.3605,1.4566,4.7808,0.4240,0.5708,1.5835,0
2023-KAYSERİ ŞEKER,0.5440,0.4449,1.5440,3.6878,0.4586,1.4977,0.6804,0.2161,0.3249,0.2358,0.3018,0.0837,0.0542,5.6090,0.0000,0.0001,0.4558,0.6549,6.2259,0.2080,0.3212,0.7047,0
2023-KEREVİTAŞ,2.0513,2.0422,3.0513,2.0255,1.7174,1.2060,0.8139,0.0053,0.1149,0.2120,0.0124,0.0096,0.0032,0.1212,0.4846,0.0176,0.7905,-2.1224,2.9810,0.5944,1.8138,2.2944,0
2023-KERVAN GIDA,1.7632,1.5541,2.7632,6.8098,1.6013,1.0505,0.6970,0.1306,0.2683,0.3105,0.0598,0.0502,0.0182,0.2869,0.0027,0.0207,0.8069,1.8296,2.1659,0.5436,1.5021,1.8616,0
2023-KİLER HOLDİNG,0.5541,0.5303,1.5541,53.6086,0.4790,1.6781,0.9977,0.0495,2.1729,0.2930,2.1933,0.1745,0.1123,38.9125,0.0916,0.0056,0.0405,0.1881,0.4937,0.0558,0.0867,2.1414,0
2023-KOLEKSİYON MOBİLYA,0.8623,0.7555,1.8623,5.1974,0.5621,1.0535,0.7042,0.1899,0.3027,0.5825,0.2502,0.1306,0.0701,3.7023,0.0011,0.0000,0.7376,1.3354,3.5451,0.3372,0.6280,0.8514,0
2023-KONFRUT,2.3073,2.2975,3.3073,3.7433,2.0391,1.3607,0.7983,0.0048,0.1988,0.2477,0.1116,0.1721,0.0520,1.0493,0.4637,0.0733,0.4743,1.2778,3.9597,0.5890,1.9480,4.1069,0
2023-KONTROLMATİK,2.8388,2.6054,3.8388,7.7084,1.4697,1.3494,1.1100,0.1588,0.2636,0.0555,0.1711,0.2205,0.0574,0.7343,0.0493,0.0151,1.0480,1.6361,0.9492,0.1588,0.6096,0.5817,0
2023-KORAY GAYRİMENKUL,16.9484,16.1660,17.9484,1.3028,3.2133,0.6420,0.6419,0.2435,0.0658,0.1773,0.0911,0.1257,0.0070,1.6319,0.0004,0.0029,0.0722,23.9575,1.5921,0.0898,1.6127,22.3444,0
2023-KORTEKS MENKUL,1.7967,1.7843,2.7967,-0.1619,1.4348,1.3880,1.2725,0.0086,-0.0433,0.1235,0.2858,0.1248,0.0446,0.3517,0.3057,0.1076,0.6627,2.1757,3.4178,0.1471,0.4115,0.6209,0
2023-KRON TEKNOLOJİ,1.0752,0.8753,2.0752,5.8490,0.7758,1.4792,1.4548,0.2577,0.3238,0.8631,0.2715,0.1575,0.0759,1.2713,0.0000,0.0000,0.0221,4.2384,1.0742,0.2834,0.5881,26.6131,0
2023-KUVVA GIDA,19.6742,19.5002,20.6742,-9.3335,17.1720,0.0875,0.0638,0.0101,-0.5175,0.3742,-0.7897,-0.5250,-0.0254,-2.6940,0.1792,0.0353,4.3946,1.1077,1.0545,0.0349,0.7210,0.1641,0
2023-KUYAŞ YATIRIM,0.2617,0.2184,1.2617,23.5012,0.0860,3.0524,2.9227,0.5029,1.2793,0.2880,1.2572,0.1380,0.1094,22.6191,0.0000,0.6924,0.2980,7.9824,0.8720,0.0991,0.1250,0.4195,0
2023-KÜTAHYA PORSELEN,1.2590,1.2361,2.2590,2.9102,1.0896,1.4257,0.8197,0.0210,0.1258,0.4709,0.0909,0.0872,0.0386,2.0024,0.0709,0.0796,0.5264,0.9372,1.4092,0.5177,1.1695,2.2219,0
2023-LOKMAN HEKİM,2.0800,1.9578,3.0800,3.8939,1.2929,0.7960,0.6473,0.0945,0.1209,0.2072,0.0668,0.1498,0.0486,0.9448,0.0347,0.0660,0.8980,6.7518,3.2508,0.5316,1.6372,1.8232,0
2023-LÜKS KADİFE,0.9803,0.8362,1.9803,6.0847,0.5943,1.2789,0.9889,0.2424,0.3152,0.3406,0.0122,0.0016,0.0008,0.0279,0.2609,0.0000,0.6416,1.5130,1.2515,0.1997,0.3955,0.6164,0
2023-MARGÜN ENERJİ,0.4382,0.4257,1.4382,13.9339,0.1589,1.0404,1.0381,0.0786,3.3440,0.3810,3.0140,0.0777,0.0540,4.1040,0.0000,0.0000,0.9637,50.3659,0.3992,0.0211,0.0303,0.0314,0
2023-MARKA MAĞAZACILIK,2.0632,1.4346,3.0632,0.8321,1.0353,1.7900,1.2048,0.6071,0.1146,0.6002,0.0970,0.1322,0.0432,1.3897,0.0004,0.1308,0.2833,0.7842,5.7599,0.3880,1.1884,4.1957,0
2023-MARKA YATIRIM,1.9734,1.8860,2.9734,0.7665,1.8424,1.2137,1.1183,0.0474,0.0232,0.2465,-0.0071,0.0140,0.0047,-0.2335,0.0308,0.0000,0.0947,1.9070,0.4594,0.1495,0.4446,4.6942,0
2023-MAVİ GİYİM,1.5438,0.7623,2.5438,6.8519,1.4174,1.3772,0.8524,0.5514,0.1812,0.5099,0.1637,0.2831,0.1113,2.7786,0.0000,0.1496,1.9520,1.3773,2.6749,0.8218,2.0904,1.0709,0
2023-MEGA POLİETİ,2.8405,2.7694,3.8405,2.7890,2.7437,1.2230,0.8283,0.0259,0.1432,0.1946,0.0919,0.1885,0.0491,1.7901,0.0000,0.0000,0.4512,1.2485,0.8425,0.4371,1.6788,3.7205,0
2023-MEKSA YATIRIM,3.6427,2.3003,4.6427,390.1369,3.6208,1.2294,1.2294,0.3707,0.4153,0.8696,0.4262,0.2749,0.0592,14.2985,0.0010,0.1347,0.0363,0.0000,0.3618,0.1869,0.8676,23.9062,0
2023-MEPET METRO,0.5063,0.4684,1.5063,8.5265,0.4008,0.3016,0.2279,0.0944,0.0565,0.0629,0.0532,0.0533,0.0354,3.0488,0.7214,0.0080,1.3375,38.3959,28.9724,0.8035,1.2102,0.9049,0
2023-MERCAN KİMYA,0.8152,0.7628,1.8152,2.0882,0.7576,1.6083,1.0439,0.0691,0.1265,0.1700,0.1142,0.0893,0.0492,1.3449,0.0000,0.0000,0.2922,1.8896,2.1333,0.5363,0.9736,3.3323,0
2023-SEKURO PLASTİK,2.1591,2.0981,3.1591,3.0612,1.1378,1.1378,0.5948,0.0535,0.2095,0.1445,0.1204,0.0072,0.0023,0.4359,0.0000,0.0000,1.8512,1.2211,1.5785,0.2791,0.8818,0.4763,0
2023-MOBİLTEL İLETİŞİM,0.4615,0.4268,1.4615,4.4036,0.2917,1.2465,0.9819,0.1192,0.0764,0.1048,0.0652,0.0375,0.0256,3.7373,0.0377,0.1264,0.0121,8.1475,3.6423,0.4805,0.7023,58.1118,0
2023-MONDİ TURKEY,1.7033,1.6331,2.7033,0.2811,1.5780,1.2164,0.9047,0.0445,0.0070,0.1779,-0.0086,-0.0437,-0.0162,-0.1877,0.0000,0.3805,1.9194,3.3022,1.5784,0.7309,1.9758,1.0294,0
2023-NASMED,0.6242,0.5113,1.6242,0.7820,0.2845,1.3050,1.3050,0.3969,0.0322,0.2930,0.0470,0.0322,0.0198,1.1139,0.2020,0.0848,0.9699,0.0000,3.9648,0.3889,0.6316,0.6512,0
2023-NATUREL YENİLENEBİLİR,0.5267,0.5108,1.5267,10.4473,0.2420,0.9501,0.9407,0.0660,1.4016,0.0756,1.3397,0.0724,0.0474,5.1102,0.0000,0.0762,0.9621,24.6850,0.5054,0.0398,0.0608,0.0632,0
2023-NET HOLDİNG,0.6969,0.6032,1.6969,5.0553,0.2821,0.4952,0.4534,0.3323,0.3487,0.4697,-0.1429,-0.0265,-0.0156,-0.1853,0.0150,0.0000,0.9839,7.9342,22.2585,0.1040,0.1764,0.1793,0
2023-NETAŞ TELEKOM,358.0710,330.2726,359.0710,-0.7902,345.1323,0.7649,0.6428,0.0805,-0.0254,0.0707,-0.0128,0.1087,0.0003,-0.2376,0.0226,0.5200,7.1065,4.2587,1.3361,0.5375,192.9976,27.1580,0
2023-NUH ÇİMENTO,0.4784,0.2828,1.4784,29.6217,0.3884,1.7893,1.5088,0.5035,0.3035,0.3365,0.2747,0.2043,0.1382,3.1274,0.0021,0.0000,0.2586,5.1507,3.5412,0.5721,0.8459,3.2711,0
2023-NUROL HOLDİNG,3.0047,2.5036,4.0047,2.9545,2.0312,0.9154,0.7556,0.2467,0.9945,0.4572,0.3790,0.1428,0.0357,0.4495,0.0059,0.0000,0.5718,0.9385,0.8801,0.1101,0.4411,0.7713,0
2023-NUROL İNŞAAT,1.5806,1.4954,2.5806,6.9456,0.4771,1.1257,0.8860,0.1786,1.5204,0.1617,0.7727,0.3259,0.1263,0.8133,1.0000,0.0425,0.0396,2.7214,2.1105,0.1439,0.3713,9.3859,0
2023-OBASE BİLGİSAYAR,0.5005,0.0932,1.5005,2.9736,0.4257,1.9564,1.9535,0.9569,0.0256,0.1525,0.1330,0.0705,0.0470,5.3457,0.0000,0.0000,0.0223,362.5455,1.8534,0.3482,0.5224,23.4739,0
2023-ODAŞ ELEKTRİK,1.3482,1.2780,2.3482,433.8676,0.7892,1.0201,0.8088,0.0891,0.3509,0.2541,0.3028,0.1714,0.0730,2.5909,0.0060,0.0019,1.3009,2.4964,1.3498,0.2376,0.5580,0.4289,0
2023-OFİS YEM,2.5791,2.4841,3.5791,3.0629,2.2634,1.4172,1.2120,0.0420,0.0864,0.0931,0.0588,0.2411,0.0674,1.9772,0.1230,0.1416,0.3445,10.6154,2.9547,1.5194,5.4381,15.7869,0
2023-ORGE ENERJİ,0.6413,0.5686,1.6413,26.9810,0.4600,2.9633,2.6571,0.1579,0.5233,0.4691,0.5003,0.2530,0.1542,17.2351,0.0000,0.0000,0.0056,2.3229,3.1832,0.3755,0.6163,109.4451,0
2023-OYAK ÇİMENTO,0.4868,0.3134,1.4868,27.3739,0.4335,2.1530,1.6683,0.4001,0.3133,0.3766,0.3271,0.2808,0.1889,16.4333,0.1038,0.1878,0.2827,2.6166,2.7072,0.5932,0.8820,3.1194,0
2023-ÖZAK GAYRİMENKUL,0.0888,0.0791,1.0888,90.8004,0.0506,4.5790,3.8381,0.1911,12.2888,0.7707,13.6473,0.3218,0.2955,71.7930,0.3992,0.1394,0.0023,0.1442,1.6305,0.0217,0.0236,10.3648,0
2023-ÖZERDEN AMBALAJ,0.6984,0.3142,1.6984,25.1881,0.5324,2.1942,1.5322,0.7217,0.3034,0.4830,0.3247,0.4787,0.2818,20.9601,0.0000,0.0000,0.3847,2.6823,6.3027,1.0767,1.8287,4.7539,0
2023-ÖZSU BALIK,2.0361,1.9531,3.0361,2.1509,1.8634,1.3523,1.3094,0.0445,0.1087,0.0067,0.0424,0.0767,0.0253,0.4966,0.0887,0.1890,0.1880,17.6904,4.9891,0.6054,1.8380,9.7768,0
2023-PAMEL YENİLENEBİLİR,0.3549,0.2207,1.3549,7.0290,0.0708,2.1089,2.1089,1.8953,5.1055,0.2603,4.0264,0.1326,0.0978,3.4734,0.0000,0.0000,1.1929,0.0000,3.3266,0.0277,0.0375,0.0314,0
2023-PAPİLON SAVUNMA,0.1359,-0.1153,1.1359,124.3114,0.0496,20.5014,18.9305,5.0665,4.7917,0.6181,5.5702,0.3860,0.3398,76.5175,0.0000,0.0000,0.0042,0.4231,1.3842,0.0760,0.0863,20.7832,0
2023-PARK ELEKTRİK,0.3029,0.2810,1.3029,117.3595,0.2153,1.1343,1.0701,0.1020,3.3613,0.4336,5.6004,0.2862,0.2197,774.5475,0.2902,0.0074,0.1724,2.5319,1.8154,0.0474,0.0618,0.3583,0
2023-PARSAN MAKİNA,0.7625,0.7427,1.7625,10.5558,0.4907,0.5745,0.2808,0.0404,0.2311,0.2134,0.1460,0.0101,0.0057,1.4343,0.0070,0.5591,1.2222,1.7610,3.4301,0.1831,0.3227,0.2640,0
2023-PC İLETİŞİM,2.9119,2.2332,3.9119,22.1786,2.7978,1.1109,1.1109,0.2426,0.1383,0.0956,0.1468,0.4150,0.1061,23.3849,0.0026,0.0297,0.0112,0.0000,1.5421,0.8601,3.3646,301.2126,0
2023-PEKER GAYRİMENKUL,0.1196,-0.0791,1.1196,49.5847,0.1185,2.7827,2.5499,1.6770,0.4846,0.0673,0.4768,0.1395,0.1246,47.5975,0.0000,0.0000,0.0057,9.8975,16.4490,0.2614,0.2926,51.0860,0
2023-PENGUEN GIDA,0.4896,0.4694,1.4896,1.9780,0.3933,1.1761,0.4334,0.0514,0.1307,0.2734,-0.0412,-0.0107,-0.0072,-0.2232,0.0000,0.0000,0.9684,0.4338,2.4793,0.1171,0.1744,0.1801,0
2023-QUA GRANİT,1.4501,1.3173,2.4501,3.9586,1.3008,1.3995,1.1615,0.1021,0.3956,0.3390,0.1808,0.1382,0.0564,0.5924,0.2304,0.1633,0.5837,1.4058,0.9724,0.2687,0.6583,1.1279,0
2023-SELVA GIDA,1.0363,0.9846,2.0363,1.5672,0.8032,0.8683,0.3796,0.0644,0.0555,0.1863,0.0383,0.0384,0.0189,0.9199,0.0002,0.0250,0.6576,2.0915,8.5269,0.4955,1.0089,1.5342,0
2023-SERVET GAYRİ,2.0485,2.0479,3.0485,3.8420,0.3689,0.4060,0.4060,0.0015,0.8827,0.9086,-12.1348,-0.4214,-0.1382,-0.9178,0.0406,0.2363,0.0024,0.0000,5.6681,0.0114,0.0347,14.2938,0
2023-SİNPAŞ GAYRİ,0.8407,0.8347,1.8407,1.4425,0.2166,1.7204,0.8248,0.0276,1.1990,0.2679,0.0177,0.0011,0.0006,0.0150,0.3832,0.0062,0.0018,0.2267,0.5857,0.0326,0.0601,32.5498,0
2023-SMART GÜNEŞ,6.4481,5.7100,7.4481,7.0386,4.6737,1.2550,0.9442,0.1579,0.3002,0.2033,0.2093,0.4324,0.0581,2.1827,0.0670,0.0409,0.4229,1.1155,0.9467,0.2731,2.0340,4.8093,0
2023-SMARTİKS YAZILIM,0.3631,0.3473,1.3631,14.8794,0.3156,1.3875,1.2915,0.0501,0.4297,0.7671,0.3976,0.1823,0.1338,11.7229,0.0000,0.0000,0.0082,3.6501,1.6506,0.3487,0.4753,57.6457,0
2023-SÖKE DEĞİRMEN,0.2496,0.0439,1.2496,7.4427,0.1995,3.7787,2.9122,1.0310,0.0817,0.1212,0.0935,0.1086,0.0869,4.6421,0.5133,0.3518,0.4668,6.0075,4.4430,0.9456,1.1816,2.5312,0
2023-SUN TEKSTİL,0.8578,0.5901,1.8578,18.4544,0.7391,1.7475,1.2102,0.3623,0.1645,0.2260,0.1521,0.1361,0.0733,1.7360,0.1459,0.0001,0.3116,2.3220,2.4120,0.6413,1.1914,3.8234,0
2023-ŞOK MARKET,4.8551,4.2470,5.8551,3.6533,3.9359,0.8657,0.1922,0.1545,0.0468,0.2279,0.0288,0.3206,0.0548,1.6061,0.8618,0.0496,0.9140,3.2833,321.5655,1.9251,11.2718,12.3326,0
2023-TACİRLER YATIRIM,2.3527,1.5428,3.3527,2.9479,2.3286,1.3059,1.3059,0.3478,0.0053,0.0041,0.0035,0.2142,0.0639,1.9423,0.0094,0.0003,0.0355,0.0000,50.6178,20.7468,69.5569,19.5989,0
2023-TAPDİ OKSİJEN,0.2862,0.0303,1.2862,14.6756,0.2182,2.5721,2.4200,1.1730,0.2648,0.3529,0.4520,0.1187,0.0923,12.5404,0.0501,0.0222,0.6395,5.5316,2.2478,0.2204,0.2835,0.4433,0
2023-TATLIPINAR ENERJİ,1.4868,1.4320,2.4868,2.8202,0.1926,1.2162,1.2162,0.2845,0.2909,0.4377,0.1306,0.0112,0.0045,0.4583,0.0000,0.0000,1.6285,0.0000,10.2176,0.0850,0.2113,0.1298,0
2023-TEMAPOL POLİMER,2.0448,1.8408,3.0448,1.6353,1.1727,1.5483,1.1292,0.1740,0.4626,0.2317,0.2034,0.1308,0.0430,0.7076,0.1629,0.0000,0.8217,1.0230,1.2945,0.2149,0.6545,0.7965,0
2023-TORUNLAR GAYRMENKUL,0.1902,0.1271,1.1902,5.1125,0.0666,1.7138,1.5159,0.9479,0.7787,0.7913,0.6990,0.0349,0.0293,4.1714,0.0000,0.4057,0.0438,0.7916,2.8715,0.0420,0.0500,1.1411,0
2023-TUKAŞ GIDA,0.6853,0.4417,1.6853,4.5875,0.6320,1.7702,1.2663,0.3854,0.2753,0.2943,0.2444,0.1888,0.1120,3.8612,0.0000,0.0000,0.4722,1.5996,2.1209,0.4283,0.7219,1.5287,0
2023-TUREKS TURİZM,0.8263,0.6914,1.8263,8.9658,0.6067,1.0655,1.0025,0.2224,0.1861,0.2319,0.1640,0.1621,0.0887,6.3894,0.0949,0.1503,1.0810,29.7217,3.5899,0.8098,1.4789,1.3681,0
2023-TURKCELL İLETİŞİM,2.6278,1.6946,3.6278,8.6342,1.1040,1.6750,1.6738,0.8453,0.5463,0.3754,0.1916,0.1592,0.0439,0.4530,0.0212,0.0339,0.7013,483.9210,3.8308,0.2764,1.0026,1.4297,0
2023-TÜMOSAN MOTOR,1.1918,1.1451,2.1918,9.9644,1.1222,1.5003,0.7657,0.0416,0.2127,0.3591,0.1998,0.1949,0.0889,9.2522,0.5082,0.1616,0.4724,0.9345,2.9161,0.5484,1.2020,2.5443,0
2023-TÜRK TUBORG,1.3205,0.8291,2.3205,20.1902,1.2867,1.2766,0.9355,0.3819,0.3143,0.5256,0.2765,0.2208,0.0951,7.3011,0.0000,0.0000,0.4572,1.0822,1.5422,0.4314,1.0010,2.1894,0
2023-ULUSOY ELEKTRİK,7.3060,7.0306,8.3060,31.9559,5.7042,1.1521,0.7955,0.0483,0.1080,0.2266,-0.0415,-0.2584,-0.0311,-0.2487,0.6308,0.5011,0.5504,2.0891,1.5989,0.6614,5.4936,9.9808,0
2023-ULUSOY UN SANAYİ,2.6409,2.2804,3.6409,2.5775,2.2472,1.1948,0.9374,0.1604,0.0680,0.0512,0.0216,0.0571,0.0157,0.1706,0.0001,0.0006,0.7261,5.7022,2.9079,0.9549,3.4768,4.7882,0
2023-ÜLKER BİSKÜVİ,4.2002,3.1864,5.2002,6.6979,1.3812,2.4386,1.8893,0.7339,0.4377,0.3296,-0.0208,-0.0275,-0.0053,-0.0447,0.5303,0.2579,0.8619,2.0069,1.9836,0.4368,2.2714,2.6353,0
2023-ÜNLÜ YATIRIM,1.0441,0.1393,2.0441,4.6093,0.9757,1.8235,1.8235,0.9274,0.0000,0.0000,0.0000,0.2127,0.1041,1.8786,0.0202,0.0000,0.0203,0.0000,0.0000,0.0000,0.0000,0.0000,0
2023-VERUSA HOLDİNG,0.1063,-0.1702,0.0000,18.3874,0.0547,11.1465,10.5727,5.0531,1.8331,0.1634,1.7656,0.1391,0.1257,12.0687,0.0000,0.0000,0.3643,2.2078,2.4392,0.0749,0.0829,0.2274,0
2022 - ALARKO HOLDİNG,0.4998,0.3624,1.4998,634.6309,0.4366,1.1443,0.9299,0.3148,1.2533,0.2355,1.2442,0.4240,0.2827,136.9537,0.2523,0.2945,0.1203,2.8288,2.8145,0.2310,0.3465,2.8795,0
2022 - ALCATEL TELEKOM,0.8560,0.1568,1.8560,22.5865,0.6864,2.4835,1.8382,1.0186,0.1645,0.2146,0.1535,0.0723,0.0389,13.9486,0.0882,0.7241,0.0086,1.4105,1.4641,0.4286,0.7955,92.3391,0
2022 - ATAKULE,0.0245,0.0052,1.0245,6.8715,0.0144,2.8590,2.8590,1.3470,0.0491,0.3824,0.0719,0.0034,0.0033,5.7639,0.0028,0.0000,0.0046,0.0000,4.6007,0.0463,0.0475,10.2391,0
2022 - AZTEK TEKNOLOJİ,1.7079,1.6344,2.7079,5.6063,1.6570,1.5484,0.9633,0.0444,0.1257,0.1503,0.1101,0.2839,0.1049,-4.4911,0.0000,0.0000,0.0733,2.9238,2.2792,1.2320,3.3361,45.5415,0
2022 - BAGFAS BANDIRMA,3.1906,2.3563,4.1906,13.3887,2.2841,1.0528,0.5790,0.3653,0.2948,0.3351,0.1769,0.2509,0.0599,1.5000,0.0003,0.0031,1.1258,1.1514,5.0539,0.4472,1.8741,1.6647,0
2022 - BAREM AMBALAJ,1.1178,0.9530,2.1178,8.1473,0.9400,1.6085,1.1082,0.1753,0.2586,0.2774,0.2211,0.2915,0.1376,5.8986,0.0000,0.0000,0.6024,2.4253,1.9628,0.7454,1.5785,2.6203,0
2022 - BERKOSAN YATIRIM,1.7244,1.5888,2.7244,6.8219,1.4611,1.3102,0.9757,0.0928,0.1208,0.2842,0.0760,0.1472,0.0540,1.6961,0.0000,0.0000,0.7432,3.4668,2.8517,0.8687,2.3668,3.1847,0
2022 - BİLKOM BİLİŞİM,7.4521,6.0422,8.4521,3.6506,7.4361,1.1232,0.6805,0.1896,0.0403,0.0430,0.0279,0.3227,0.0382,1.7196,0.1092,0.1034,0.0174,4.1870,4.3153,1.7040,14.4027,826.9986,0
2022 - BİOTREND ÇEVRE,3.0386,2.8958,4.0386,5.7346,1.0899,1.2470,1.0750,0.1310,0.2849,0.2927,0.0936,0.0423,0.0105,0.2738,0.0000,0.0000,2.1459,3.8711,3.6935,0.2541,1.0261,0.4782,0
2022 - BİRKO BİRLEŞİK,0.8786,0.8761,1.8786,-4457.7236,0.7732,0.8025,0.5753,0.0031,-0.0930,0.0711,-0.7439,0.1022,0.0544,-1.0501,0.3128,0.0806,0.9338,1.1347,1.5195,0.1142,0.2146,0.2298,0
2022 - ÇALIK DENİM,2.2791,2.2336,3.2791,4.0081,1.7204,1.2418,0.6742,0.0264,0.3580,0.3305,0.1786,0.5428,0.1655,9.9295,0.0145,0.1405,0.5666,0.9202,1.5450,0.4093,1.3423,2.3689,0
2022 ÇELEBİ HAVA,1.8308,1.3744,2.8308,5.6674,0.8320,1.2521,1.2280,0.5486,0.2383,0.3364,0.2112,0.1804,0.0637,3.4453,0.0057,0.0213,0.4606,36.3449,4.1844,0.3882,1.0989,2.3859,0
2022 CEO EVENT,0.5664,0.2189,1.5664,301.5362,0.5446,2.6969,2.6969,0.6382,0.0968,0.1032,0.2193,0.1794,0.1145,352.2910,0.0020,0.0002,0.0223,0.0000,1.5738,0.4734,0.7415,33.2522,0
2022 CONSUS ENERJİ,1.0199,0.9702,2.0199,1.4610,0.3878,0.9457,0.7458,0.1282,0.1802,0.2482,0.1638,0.0396,0.0196,1.2090,0.2225,0.0000,1.5910,3.2637,5.8686,0.1666,0.3366,0.2116,0
2022 COSMOS YATIRIM,0.3679,0.3059,1.3679,216.9910,0.2015,3.8265,1.1783,0.3077,0.1580,0.1570,0.1596,0.1022,0.0747,56.9027,0.0000,0.0000,0.5707,0.9141,4.7608,0.4230,0.5786,1.0138,0
2022 DAP GAYRİMENKUL,2.6470,2.5041,3.6470,42.7220,0.5825,1.5531,1.5000,0.2453,0.4028,0.4932,0.4036,0.3212,0.0881,26.6125,0.0000,0.0000,0.0071,16.4977,429.7807,0.2762,1.0073,142.1942,0
2022 dardanel onentass,1.2316,1.2223,2.2316,4.9512,1.0979,1.0887,0.7540,0.0085,0.1307,0.3035,0.0299,0.0377,0.0169,0.2960,0.3124,0.0000,1.0141,2.3261,1.8592,0.5501,1.2276,1.2106,0
2022 DENGE YATIRIM,0.7324,0.5116,1.7324,58.6934,0.2888,1.2350,1.2058,0.7645,4.0281,0.3044,3.9658,0.4075,0.2352,42.9630,0.0082,0.0000,0.0284,9.6968,2.0649,0.0677,0.1173,4.1327,0
2022 DOĞAN TREND,4.8783,3.3750,5.8783,2.5547,4.6743,0.9557,0.7652,0.3216,0.1829,0.2481,0.1113,0.5631,0.0958,1.5547,0.0036,0.0056,1.1428,3.8236,5.2193,0.7702,4.5275,3.9618,0
2022 DOĞUŞ OTOMOTİV SERVİS,1.3261,0.9703,2.3261,11.9449,1.2499,1.3768,0.7972,0.2847,0.2069,0.2112,0.1857,0.4625,0.1988,867.5756,0.6777,0.0528,0.2096,3.4245,6.0241,1.3520,3.1449,15.0009,0
2022 DURAN DOĞAN,5.5666,5.3672,6.5666,6.8497,4.2909,1.0802,0.5925,0.0465,0.2413,0.3894,0.1097,0.4275,0.0651,0.8339,0.0000,0.0316,0.7213,1.5161,2.5806,0.7914,5.1966,7.2041,0
2022 ELİTE NATUREL,0.6231,0.5473,1.6231,75.7128,0.5127,2.6230,2.0211,0.1478,0.2784,0.6844,0.2414,0.2193,0.1351,2.9392,0.7396,0.0000,0.2695,1.1692,1.3594,0.7044,1.1433,4.2428,0
2022 EMEK ELEKTRİK,1.5280,1.4933,2.5280,3.4472,1.2100,1.3164,0.8950,0.0287,0.0947,0.2574,0.0446,0.0401,0.0159,0.8457,0.2275,0.0314,0.8714,1.2059,1.5078,0.3276,0.8281,0.9504,0
"2022 EREĞLİ TEKSTİL,",1.3986,1.3466,2.3986,3.8843,1.2418,1.1864,0.6011,0.0418,0.2346,0.3468,0.1761,0.1742,0.0726,2.9319,0.0761,0.0326,0.7719,1.0959,3.2642,0.5084,1.2194,1.5797,0
2022 EUROPAP TEZOL KAĞIT,0.8910,0.4936,1.8910,8.5385,0.5857,2.3164,1.5259,0.6785,0.2356,0.3248,0.2641,0.2824,0.1493,2.4462,0.0004,0.0000,0.2744,1.4223,2.5967,0.5158,0.9753,3.5544,0
2022 FADE GIDA,0.3394,0.2886,1.3394,75.5166,0.1662,1.8781,1.2331,0.3054,2.2683,0.0300,2.2421,0.3292,0.2458,60.6720,0.0000,0.0412,0.1526,1.3358,2.5059,0.1371,0.1836,1.2033,0
2022 Fasdat Gıda,2.6168,2.5059,3.6168,6.3737,2.3857,1.2919,0.9095,0.0465,0.0593,0.0720,0.0499,0.1697,0.0469,5.2801,0.7980,0.0716,0.3964,4.4922,2.2709,1.2210,4.4161,11.1394,0
2022 FRİGO PAK,0.6598,0.6061,1.6598,1.3139,0.4985,2.0523,0.7659,0.1078,0.3851,0.3820,0.1279,0.0783,0.0472,0.2842,0.0000,0.0000,0.6010,0.6450,8.5542,0.4032,0.6692,1.1135,0
2022 GERSAN ELEKTRİK,1.4373,1.2220,2.4373,673.2332,1.1170,1.2892,0.7771,0.1928,0.1502,0.2247,0.0396,0.0478,0.0196,1.2831,0.0016,0.0000,0.8435,1.7263,2.3236,0.5226,1.2738,1.5101,0
2022 GLOBAL MENKUL,7.1108,5.5480,8.1108,1.5994,6.9487,1.1303,1.1303,0.2249,0.0055,0.0163,0.0027,0.1179,0.0145,0.7470,0.0202,0.0001,0.0829,0.0000,10.1808,7.4243,60.2170,726.2815,0
2022 GLOBAL YATIRIM,5.1783,4.5967,6.1783,2.1807,1.3619,1.0587,1.0208,0.4270,0.1792,0.0486,0.0591,0.0238,0.0039,0.3684,0.0000,0.0000,1.1309,13.0143,2.9917,0.1431,0.8842,0.7818,0
2022 GSD Denizcilik,0.4143,-0.0404,1.4143,19.1494,0.1417,4.2420,4.2239,3.2091,0.8021,0.6319,0.7586,0.1404,0.0993,17.4382,1.0000,0.0134,0.8088,24.4914,119.0816,0.1208,0.1708,0.2112,0
2022 gsd holding,0.3919,0.2009,1.3919,16.3782,0.2658,2.8273,2.8200,0.7184,1.2779,0.9070,1.2305,0.1358,0.0976,25.9151,0.0000,0.0000,0.5295,2.1929,2.8263,0.0872,0.1214,0.2293,0
2022 GÜLER YATIRIM,1.1003,0.9245,2.1003,7.8228,0.9611,1.3835,1.3597,0.1829,4.4755,5.0721,3.7684,0.1847,0.0879,4.4694,0.0048,0.0000,0.5722,1.4265,1.2895,0.0305,0.0641,0.1121,0
2022 GÜR-SEL TURİZM,1.0151,0.8026,2.0151,4.0756,0.6078,1.3818,1.3748,0.3496,0.1402,0.1247,0.1104,0.0971,0.0482,3.2073,0.0463,0.0002,0.9566,218.7974,2.5271,0.5318,1.0716,1.1202,0
2022 Hedef araç kiralama,2.3223,2.1996,3.3223,1.8461,1.0938,0.3091,0.2898,0.1121,0.3963,0.4768,0.1753,0.1223,0.0368,0.6934,0.5842,0.0000,2.9724,21.6867,7.9740,0.2629,0.8736,0.2939,0
2022 Hidropar hareket,1.8437,1.6307,2.8437,1.7441,1.6445,1.1818,0.6107,0.1295,0.1311,0.2998,0.0914,0.0637,0.0224,0.8858,0.0000,0.0993,0.6200,0.6451,1.8935,0.3042,0.8652,1.3955,0
2022 HÜRRİYET GAZETECİLİK,0.7971,0.7794,1.7971,-5.9804,0.6062,0.6222,0.5480,0.0292,-0.4542,-0.1048,-0.5170,-0.1619,-0.0901,-8.2358,0.5509,0.0498,1.0044,7.2264,1.6404,0.1637,0.2943,0.2930,0
2022 İHLAS EV ALETLERİ,0.2961,0.2788,1.2961,2135.6078,0.2018,4.0345,2.6993,0.0861,0.1015,0.1341,0.1018,0.0750,0.0578,19.7282,0.3146,0.1025,0.0331,2.8833,1.8767,0.6921,0.8970,27.1149,0
2022 İhlas GAYRİM,0.3582,0.1674,1.3582,8.5989,0.3064,3.9668,3.5289,0.6227,0.0920,0.2859,0.1581,0.0533,0.0393,14.7523,0.0286,0.7685,0.0021,1.8046,0.8845,0.2497,0.3392,162.7850,0
2022 İHLAS HOLDİNG,0.6708,0.4647,1.6708,5.4317,0.3104,3.9785,2.6883,0.6638,0.0881,0.2578,0.1112,0.0404,0.0242,5.5524,0.0045,0.0089,0.1836,0.7807,1.0475,0.2522,0.4213,2.2949,0
2022 İHLAS YAYIN,0.1992,0.0354,1.1992,-6.9626,0.0919,7.4039,6.2633,1.7815,-0.0682,0.0978,0.0459,0.0084,0.0070,1.3852,0.1300,0.1661,0.1208,1.8683,1.5194,0.1811,0.2172,1.7975,0
2022 İZ Yatırım Holding,0.3972,0.2834,1.3972,-1.1382,0.2884,1.2752,0.7740,0.3944,-0.0620,0.0358,-0.1039,-0.0272,-0.0195,-1.8596,0.0000,0.0000,0.9347,2.2520,6.8221,0.2245,0.3137,0.3356,0
2022 İZMİR FIRÇA,2.0452,2.0251,3.0452,5.4049,1.7368,1.4364,0.8379,0.0116,0.1428,0.2711,0.0349,0.0491,0.0161,0.3197,0.0117,0.0020,0.5008,1.3125,1.3945,0.6146,1.8717,3.7377,0
2022 Kaplamin Ambalaj,2.9322,2.8443,3.9322,14.4500,2.8610,1.1610,0.8761,0.0307,0.1618,0.2356,0.1500,0.4265,0.1085,12.6786,0.0401,0.7420,0.5912,3.4808,1.7762,0.9439,3.7116,6.2784,0
2022 KLİMASAN KLİMA,4.1290,3.6883,5.1290,46.0727,3.1287,1.1826,0.8428,0.1408,0.1324,0.2112,0.0600,0.0712,0.0139,0.2091,0.0793,0.0031,0.6245,1.5350,1.3908,0.4034,2.0689,3.3127,0
2022 KOLEKSİYON MOBİLYA,0.8335,0.7812,1.8335,1.1221,0.4928,0.8228,0.4461,0.1061,0.2272,0.5140,0.0501,0.0205,0.0112,0.2467,0.0086,0.0029,0.7423,0.8861,3.4965,0.1847,0.3386,0.4561,0
2022 Koray Gyrimenkul Yatırım ortak,4.0091,3.7772,5.0091,-59.7403,0.1571,2.2836,2.2835,1.4761,-0.2355,0.1564,-0.1809,-0.0786,-0.0157,-270.6677,0.0000,0.3578,0.0148,16283.9173,6.4375,0.0829,0.4154,28.0153,0
2022 KORTEKS MENSUCAT,1.5942,1.5828,2.5942,0.7752,1.3242,1.3614,1.2102,0.0086,0.1087,0.1827,0.2315,0.1358,0.0523,0.4384,0.2482,0.1291,0.6700,2.1991,4.1835,0.2077,0.5387,0.8041,0
2022 KÜTAHYA PORSELEN,0.9853,0.9643,1.9853,13.0660,0.8609,1.5580,0.8487,0.0244,0.1732,0.4249,0.1607,0.1908,0.0961,10.4322,0.0731,0.0191,0.5069,1.2349,2.1318,0.6604,1.3110,2.5861,0
2022 LÜKS KADİFE TİCARET,1.2044,0.8568,2.2044,9.4481,0.5251,1.8979,1.3808,0.6620,0.3983,0.3895,0.1094,0.0725,0.0329,0.3659,0.1449,0.0113,0.6334,1.4260,2.2308,0.2877,0.6342,1.0012,0
2022 MARKA YATIRIM,3.8393,3.7856,4.8393,74.4518,3.6970,0.9103,0.8499,0.0145,0.6302,0.1975,0.5827,0.1531,0.0316,11.8128,0.0603,0.0252,0.3918,1.5499,0.3174,0.0890,0.4309,1.0998,0
2022 MATRİKS BİLGİ,0.6165,0.3696,1.6165,15319.1621,0.4925,1.2171,1.2171,0.5014,0.2539,0.2953,0.2634,0.4527,0.2800,347.6976,0.0000,0.0000,0.0717,0.0000,6.8492,1.0631,1.7185,23.9814,0
2022 Mavi Giyim,1.9349,0.9839,2.9349,4.4466,1.6790,1.2743,0.8960,0.5664,0.2234,0.5599,0.1910,0.3506,0.1195,31.1566,0.0000,0.1708,0.0157,1.4220,6.9053,0.6994,2.0527,130.3550,0
2022 MEGA POLİETİLEN,2.4066,2.3490,3.4066,3.1098,2.2087,1.2654,0.9671,0.0261,0.1222,0.1370,0.0847,0.1404,0.0412,2.1550,0.0000,0.0000,0.5928,2.1367,1.0923,0.4788,1.6310,2.7513,0
2022 MEPET METRO,0.6216,0.6114,1.6216,4.6913,0.4805,0.3561,0.2847,0.0212,0.0355,0.0502,0.0371,0.0469,0.0289,2.9996,0.7707,0.0327,1.3871,42.1696,13.8101,0.9397,1.5239,1.0986,0
2022 MOBİLTEL İLETİŞİM,0.7335,0.7131,1.7335,4.4437,0.5391,1.0488,0.8282,0.0378,0.0890,0.1059,0.0702,0.0839,0.0484,3.5037,0.0081,0.0000,0.0220,6.8006,2.1605,0.5219,0.9047,41.1650,0
2022 NET HOLDİNG,0.7295,0.6504,1.7295,1.9135,0.2349,0.5504,0.5042,0.3365,0.2262,0.4186,0.1557,-0.0186,-0.0108,0.2254,0.0000,0.0000,1.0918,6.4931,6.0016,0.0700,0.1210,0.1108,0
2022 NETAŞ TELEKOMÜN,117.4668,96.7162,118.4668,-2.9729,113.8857,0.7985,0.7113,0.1822,-0.0150,0.1021,-0.0201,-0.6265,-0.0053,-0.3041,0.0145,0.3284,3.7933,4.5409,1.3632,0.4242,50.2525,13.2478,0
2022 NUH ÇİMENTO,0.9259,0.6825,1.9259,17.2348,0.6559,1.6532,1.1630,0.3712,0.2511,0.2806,0.2506,0.2286,0.1187,4.6048,0.0004,0.0000,0.3684,2.5377,4.0232,0.5889,1.1342,3.0791,0
2022 NUROL HOLDİNG,3.5893,3.1936,4.5893,3.5188,2.1315,1.0433,0.8775,0.1856,0.9035,0.4958,0.5042,0.3193,0.0696,0.8210,0.0104,0.0005,0.7139,1.1364,4.1173,0.1492,0.6849,0.9594,0
2022 NUROL İNŞAAT,2.2058,2.1181,3.2058,5.8066,0.3932,1.7371,1.2742,0.2231,1.4247,0.1064,0.6678,0.2929,0.0914,0.7950,0.0153,0.0023,0.0635,2.0636,3.8347,0.1311,0.4204,6.6251,0
2022 Osmanlı Yatırım Menkul değerler,2.7575,1.6457,3.7575,4.7318,2.6523,1.2802,1.2802,0.4192,0.0000,0.0000,0.0000,0.2967,0.0790,3.9861,0.0000,0.0617,0.2407,0.0000,0.0000,0.0000,0.0000,0.0000,0
2022 OSTİM ENDÜSTRİEL,0.4202,0.1250,1.4202,19.9908,0.2117,2.9308,2.4369,1.3946,0.3322,0.4244,0.3692,0.0981,0.0691,4.8559,0.2903,0.0165,0.2173,1.8957,2.2602,0.2425,0.3444,1.5844,0
2022 OYAK ÇİMENTO,0.8378,0.6358,1.8378,15.8103,0.6852,1.7249,1.1579,0.2948,0.2482,0.2796,0.2292,0.2309,0.1256,9.2768,0.1034,0.2510,0.5690,2.2842,2.4194,0.6704,1.2320,2.1650,0
2022 PARK ELEKTRİKmler (1),0.1560,0.1546,1.1560,1886.5282,0.0948,1.1109,1.0720,0.0146,2.2720,0.4475,3.8888,0.2136,0.1848,761.9919,0.3389,0.0184,0.1261,10.0120,4.5224,0.0577,0.0667,0.5290,0
2022 PC İLETİŞİM,3.0340,2.5048,4.0340,9.3743,2.6975,1.1669,1.1669,0.1962,0.0752,0.0819,0.0726,0.2661,0.0660,8.3989,0.0251,0.0000,0.0136,0.0000,1.9249,1.0812,4.3614,320.7980,0
2022 PEKER GAYRİM,0.1432,-0.0274,1.1432,14.0859,0.1426,2.4421,1.9237,1.1959,0.9815,0.4034,0.9025,0.0897,0.0785,-11.0753,0.0000,0.0000,0.0106,0.8030,1.4279,0.0871,0.0995,9.4102,0
2022 PENGUEN GIDA,0.6453,0.5738,1.6453,4.9747,0.5503,1.2965,0.5438,0.1298,0.2630,0.4034,0.1377,0.0410,0.0249,0.9578,0.0000,0.0000,0.8759,0.5600,4.9193,0.2363,0.3888,0.4439,0
2022 Pera Gayrmenkuk,0.0362,0.0222,1.0362,-16.4364,0.0331,3.0508,1.1195,0.4235,-0.1807,0.2790,-0.1774,-0.0082,-0.0079,-13.3417,0.0000,0.2920,0.0000,0.5219,2.1908,0.0446,0.0463,0.0000,0
2022 QUA Granite,2.0862,1.9451,3.0862,269.5024,1.2647,1.5861,1.2933,0.1116,0.5093,0.5008,0.3280,0.3469,0.1124,1.7262,0.3639,0.1709,0.8319,1.4358,1.1260,0.3451,1.0650,1.2802,0
2022 RAL YATIRIM,1.0174,0.9944,2.0174,29.8062,0.8112,1.8081,1.8036,0.0283,0.5435,0.5519,0.5206,0.4249,0.2106,20.8103,0.9172,0.4351,0.0934,128.8256,2.6069,0.5140,1.0370,11.1013,0
2022 RTA LABORATUVAR,0.2687,0.2141,1.2687,42.4787,0.2208,3.0564,2.7653,0.2470,1.7161,0.4743,1.6055,0.2237,0.1763,32.3677,0.0804,0.0000,0.1072,1.2725,1.0825,0.1226,0.1556,1.4509,0
2022 SAN-EL MÜH,2.2949,2.2861,3.2949,14.4618,2.1317,0.7514,0.6320,0.0041,0.1094,0.0390,0.1018,0.0271,0.0082,13.4650,0.0000,0.0000,0.9918,4.3589,1.3353,0.3505,1.1548,1.1644,0
2022 sarkuysan elektrolitik,2.5492,2.3007,3.5492,17.4564,2.1187,1.4772,1.0766,0.1173,0.0801,0.0747,0.0609,0.3130,0.0882,1.6617,0.0030,0.0000,0.2953,7.1765,3.6129,1.8549,6.5832,22.2927,0
2022 SARTEN AMBALj,3.4690,3.3377,4.4690,17.2361,2.8689,1.2578,0.7651,0.0457,0.2124,0.2621,0.1756,0.4825,0.1080,4.7300,0.0882,0.1975,0.6448,1.2530,1.4370,0.5370,2.4000,3.7223,0
2022 SEKURO PLASTİK,2.8014,2.6591,3.8014,94.4956,2.0104,0.9982,0.6405,0.0708,0.0942,0.1460,0.0334,-0.0054,-0.0014,0.1756,0.0000,0.0000,1.7903,1.9446,1.5483,0.4307,1.6372,0.9145,0
2022 SERVET GAYRİ,0.6000,0.5990,1.6000,-97.3320,0.3078,0.2337,0.2337,0.0032,-1.6666,0.5734,-1.4616,-0.0891,-0.0557,-5.8624,0.2198,0.0008,0.0013,0.0000,1.3958,0.0369,0.0591,44.6403,0
2022 SİNPAŞ GAYRİMENKUL,1.3370,1.3269,2.3370,22.9516,0.2840,2.7787,1.5874,0.0356,1.0500,0.1246,0.4541,0.0456,0.0195,0.7510,0.2601,0.0173,0.0031,0.2600,1.8802,0.0430,0.1005,32.1357,0
2022 Smartiks Yazılım,0.3235,0.2720,1.3235,1.7554,0.2577,1.1118,1.1118,0.1998,0.0954,0.7271,0.0396,0.0580,0.0438,0.5434,0.0000,0.0000,0.0011,0.0000,1.1772,0.1897,0.2510,222.1262,0
2022 SÖKTAŞ TEKSTİL,2.5108,2.4092,3.5108,2.4589,1.8414,0.5673,0.2795,0.0552,0.1885,0.4801,-0.0614,-0.0652,-0.0186,-0.2323,0.0217,0.2660,1.8295,1.0958,3.1575,0.2287,0.8031,0.4390,0
2022 Tarkim Bitki koruma,1.5631,1.4492,2.5631,5.0924,1.5317,1.2073,0.2684,0.0744,0.4230,0.4726,0.3399,0.6425,0.2507,4.0924,0.6828,0.0390,0.2769,0.4169,4.9804,0.4435,1.1368,4.1049,0
2022 TERA YATIRIM,2.2177,1.5411,3.2177,5.7375,2.2091,1.3882,1.3882,0.3063,0.0408,0.0714,0.0668,0.2885,0.0897,1.6422,0.0005,0.0002,0.1047,0.0000,5.3052,1.4420,4.6400,44.3066,0
2022 TORUNLAR GAYRİMENKUL,0.3539,0.3249,1.3539,3.0425,0.1881,0.4511,0.4329,0.1540,0.7565,0.8052,0.2697,0.0214,0.0158,0.5303,0.1290,0.0442,0.0505,4.5265,5.2405,0.0587,0.0794,1.5733,0
2022 TÜRK TÜBORG,1.3909,0.8374,2.3909,2.7429,1.3482,1.3433,0.9735,0.4106,0.0305,0.4869,0.2539,0.1662,0.0695,4.9201,0.0000,0.0000,0.4301,0.8931,1.4194,0.3630,0.8678,2.0178,0
2022 ÜNLÜ YATIRIM,0.6128,0.3992,1.6128,8.6390,0.5017,2.5323,2.5323,0.4257,0.0000,0.0000,0.0000,0.1246,0.0773,1.0288,0.0097,0.0000,0.0169,0.0000,0.0000,0.0000,0.0000,0.0000,0
2022 VESTEL ELEKTRONİK,3.4737,3.3639,4.4737,0.7337,3.2898,0.6758,0.3391,0.0334,0.0234,0.2807,0.0524,0.1179,0.0264,0.3039,0.0014,0.0003,0.7135,1.2602,2.7273,0.4338,1.9407,2.7201,0
2022 YATAŞ YATAK,1.6891,1.5395,2.6891,5.9510,1.4029,1.3404,0.6684,0.1066,0.1238,0.3244,0.0998,0.1747,0.0650,3.5924,0.0000,0.0049,0.6335,1.6151,6.4827,0.8382,2.2539,3.5578,0
2022 YEO TEKNOLOJİ,2.8268,1.9643,3.8268,8.7462,2.5251,1.3546,1.3216,0.3415,0.1784,0.1971,0.1181,0.1990,0.0520,1.9582,0.0833,0.0028,0.3472,19.6728,4.7722,0.5347,2.0460,5.8930,0
2022 DÖKTAŞ DÖKÜM,3.3324,3.2249,4.3324,1.4723,2.1198,0.7983,0.4008,0.0507,0.0491,0.1071,0.0053,0.0999,0.0231,0.0976,0.0000,0.2467,2.3534,2.4299,4.5739,0.5292,2.2927,0.9742,0
2022 DYO BOYA,3.5040,3.0720,4.5040,4.6126,3.2192,1.0351,0.7572,0.1342,0.1648,0.3040,0.1241,0.2578,0.0572,2.3095,0.0281,0.2175,1.1287,1.9011,1.3005,0.5426,2.4437,2.1650,0
2022 E-DATA,0.5730,0.4517,1.5730,130.9846,0.5532,2.6125,2.0075,0.2193,0.2403,0.1805,0.2995,0.2173,0.1382,9.0065,0.0001,0.0000,0.1088,2.0260,2.0562,0.5260,0.8275,7.6043,0
2022 EGE ENDÜSTRİ,0.5013,0.4273,1.5013,19.8205,0.4191,2.4398,1.5794,0.1765,0.5505,0.4290,0.5594,0.3501,0.2332,12.2511,0.1713,0.0045,0.0791,1.1090,1.7229,0.4665,0.7004,8.8536,0
2022 ERBOSAN ERCİYES,0.7183,0.4497,1.7183,84.2690,0.6997,2.1583,1.1649,0.3839,0.2892,0.3101,0.2515,0.2900,0.1688,2.6056,0.0017,0.0000,0.1952,1.3933,3.2823,0.8170,1.4038,7.1911,0
2022 ERCİYAS ÇELİK,1.4268,1.3459,2.9598,7.5908,1.4268,1.1295,0.8950,0.0567,0.2241,0.1571,0.0625,0.0307,0.0104,0.2699,0.1266,0.0083,1.1789,2.4950,2.9366,0.3345,0.9901,0.8398,0
2022 EREĞLİ DEMİR,0.5686,0.4500,1.5686,1118.1113,0.3397,2.3486,0.9133,0.3491,0.2963,0.3127,0.2922,0.1260,0.0803,15.2774,0.0282,0.0216,0.6451,0.8887,4.0987,0.4019,0.6304,0.9771,0
2022 ESCAR FİLO,2.1478,1.6566,3.1478,3.7612,0.9141,1.8324,1.3936,0.5374,1.0891,0.7377,0.7780,0.2723,0.0865,2.0343,0.0000,0.0000,1.4568,0.2644,9.5704,0.1284,0.4043,0.2775,0
2022 ETİLER GIDA,0.6805,0.3972,1.6805,105.5703,0.4647,2.8401,2.7060,0.6097,0.2438,0.2993,0.2377,0.2240,0.1333,6.2448,0.0000,0.0000,0.2766,10.0717,1.3427,0.5333,0.8962,3.2399,0
2023 YATAŞ YATAK,2.3861,2.2015,3.3861,158.7710,2.0668,1.2423,0.7613,0.0893,0.1280,0.3283,0.0849,0.1849,0.0546,1.7410,0.0000,0.0000,0.6647,1.8506,4.2988,0.8090,2.7395,4.1214,0
2023 ZEDUR ENERJİ,0.6650,0.6550,1.6650,2.2244,0.1154,0.6589,0.5965,0.0866,0.2799,0.3054,-0.1521,0.0108,0.0065,-0.3495,0.2392,0.0000,1.4271,6.3367,1.4535,0.0394,0.0657,0.0460,0
