ŞİRKETLER ,TY/TÖ,NFB/TÖ,TKVY/TÖ,T.DÖN.V/ TKVY,T.DÖN.V-Stok/ TKVY,NAKİT/ TKVY,DK(Z)/ TÖ,İTTA/TA,İTTB/TB,MDV/TÖ,SFVÖK-EFK/MDV,SFVÖK-EFK/TV,DK(Z)/MDV,EFK/H,EFDG/H,SFVÖK/EFK,EFK/TV,DK(Z)/TK,NetDönKarı*/MDV*,SFDK(Z)/TÖ,FAVÖK/T.DuranV,Class
2022 ACISELSAN,0.4012,0.1526,0.3449,2.6713,1.8545,0.7208,0.2899,0,0,0.1621,0.0482,0.0056,1.7887,0.2578,0.0022,1.0214,0.2609,0.2069,0.2096,0.2899,0.7979,1
2022 ADEL KALEM,0.6567,0.0564,6.2133,0.1007,-0.2848,0.0966,0.0748,0.0533,0.0311,0.8778,-0.0184,-0.0021,0.0852,0.0115,0.0348,0.4124,0.0036,0.0099,-20.4824,0.0748,0.2476,1
2022 ADESE GAYRİMENKUL,0.1592,-0.0066,0.042,5.0515,5.0515,3.9457,0.023,0.1861,0.6456,0.0015,9.8651,0.0126,15.5144,0.3821,0.0722,2.7206,0.0073,0.0199,0.1168,0.023,0.0136,1
2022 ALARKO CARRIER,1.3741,1.0987,1.1742,1.8212,1.3285,0.2345,0.2718,0.0502,0.276,0.0654,-0.5849,-0.0161,4.1556,0.2039,-0.0074,0.8798,0.134,0.1145,3.4615,0.2718,1.5754,1
2022 ALARKO GAYRİMENKUL,0.0325,0.0315,0.0081,21.7908,21.6621,0.1244,0.055,0.9337,0.2581,0.0035,-0.0014,0,15.7818,4.6839,-0.1033,0.9999,0.0534,0.0532,-0.012,0.055,0.0645,1
2022 ALKİM ALKALİ,0.6508,0.1626,0.5606,2.3294,1.5265,0.8708,0.3732,0.0003,0,0.2844,0.0318,0.0055,1.3121,-0.5642,0.0993,1.0196,0.2794,0.2261,6.5404,0.3732,1.3827,1
2022 ALKİM KAĞIT,0.7583,-0.0811,0.7258,2.3142,1.7282,1.1566,0.5099,0,1,0.05,0.3296,0.0094,10.204,0.3942,-0.0757,1.0264,0.3551,0.29,2.9204,0.5099,8.2971,1
2022 ALTIN YUNUS,0.2424,0.2149,0.0789,0.681,0.6397,0.3487,0.0108,0.03,0.2119,1.156,-0.0018,-0.0017,0.0093,0.3095,0.8284,0.8423,0.0107,0.0087,-20.2606,0.0108,0.011,1
2022 ARÇELİK,3.7457,3.1334,2.9627,1.1576,0.7664,0.2067,0.0661,0.015,0.1199,0.6634,-0.1781,-0.0249,0.0996,0.0776,-0.0469,0.3848,0.0405,0.0139,-2.2116,0.0661,0.1438,1
2022 ATP TİCARİ,0.4442,-0.0346,0.3916,2.9125,2.8603,1.2225,0.145,0.3903,0.0283,0.015,3.2819,0.034,9.683,0.1825,0.082,1.488,0.0697,0.1004,-0.1502,0.145,0.3374,1
2022 AVRASYA GAYRİMENKUL,0.0439,0.0431,0.0432,2.8173,2.619,0.018,0.0084,0.9767,0.4522,0.0147,-0.0018,0,0.5686,-18.0053,4.7177,0.9969,0.0081,0.008,-1.6175,0.0084,0.0091,1
2022 AVRASYA PETROL,0.0986,0.0401,0.0141,5.7226,5.7226,4.1639,0.0422,0.6894,0.0214,0.2265,0.0198,0.0041,0.1863,1.9437,1.9233,1.1184,0.0345,0.0384,-4.713,0.0422,0.0373,1
2022 AYGAZ,1.9784,1.6061,1.4526,1.1029,0.6996,0.2563,0.3226,0.0253,0.1275,0.2216,1.497,0.1114,1.4558,-0.0024,0.0573,-32.8774,-0.0033,0.1083,7.3088,0.3226,0.2575,1
2022 BATISÖKE,9.9223,9.9143,4.6782,0.6913,0.3823,0.0017,-1.1502,0.379,0.0726,5.1504,-0.3466,-0.2001,-0.2233,0.1908,0.0407,-2.0854,0.0648,-0.1289,12.2477,-1.1502,0.0569,1
2022 BİRLİK MENSUCAT,-2.8273,-2.8248,-1.6434,0.305,0.2845,0.0015,0.4265,0,0.4716,-0.0136,-8.0662,-0.0599,-31.4055,-1.4923,0.0694,1.3456,-0.1735,-0.2334,-0.2103,0.4265,-0.239,1
2022 BİZİM TOPTAN,10.0296,8.7546,9.1762,0.9122,0.3,0.1389,0.2491,0.028,0.1045,1.3967,-0.1516,-0.0192,0.1783,0.0302,-0.0305,0.6343,0.0525,0.0226,-0.3877,0.2491,0.2608,1
2022 BMS BİRLEŞİK,0.8379,0.7552,0.6764,1.4454,0.8271,0.1223,0.3045,0,0.0005,0.7987,-0.0282,-0.0123,0.3813,0.3501,0.1801,0.9371,0.1949,0.1657,3.3755,0.3045,0.415,1
2022 BMS ÇELİK,0.4492,0.1521,0.3846,2.7013,1.6357,0.7724,0.1821,0.0026,0.0069,0.3586,0.0139,0.0034,0.508,0.1063,0.0032,1.0226,0.1521,0.1257,3.3885,0.1821,0.5372,1
2022 BOĞAZİÇİ BETON,0.7053,0.6043,0.6011,1.1382,1.0494,0.1681,0.0974,0,0.013,0.9834,0.0133,0.0077,0.099,0.0799,0.0448,1.1398,0.0547,0.0571,-84.2597,0.0974,0.1027,1
2022 BORUSAN,1.34,1.2817,1.0828,1.0237,0.4852,0.0538,0.2241,0.058,0.0295,1.1286,-0.0185,-0.0089,0.1986,0.3178,0.2339,0.918,0.109,0.0958,48.6803,0.2241,0.2158,1
2022 BOSCH FREN,1.2635,0.9262,0.9044,2.0217,1.7184,0.373,0.5205,0.1082,0.207,0.3381,0.1533,0.0229,1.5395,0.1512,0.0162,1.1127,0.2031,0.2299,0.3755,0.5205,1.0568,1
2022 CASA EMTİA,0.4317,0.4317,0.0375,22.774,22.774,0.0019,0.1703,0,0,0.0221,-5.4065,-0.0834,7.7145,0.0902,0.0008,0.6694,0.2522,0.119,14.7892,0.1703,0.4179,1
2022 ÇEMAŞ DÖKÜM,0.1225,-0.167,0.1032,5.3742,4.7175,2.8038,0.1653,0,0.0148,0.287,0.3858,0.0986,0.5761,0.2083,-0.0132,2.8849,0.0523,0.1473,-0.775,0.1653,0.1727,1
2022 ÇEMTAŞ ÇELİK,0.3643,0.2863,0.345,3.1205,1.5701,0.2261,0.3514,0,0.0055,0.2191,0.0244,0.0039,1.6035,0.372,0.01,1.0121,0.3253,0.2575,0.3853,0.3514,1.5946,1
2022 DAGİ GİYİM,1.4072,1.3485,1.1339,1.1345,0.6208,0.0518,0.0732,0.445,0,0.8337,-0.0339,-0.0117,0.0878,0.1679,0.0183,0.7306,0.0436,0.0304,1.2104,0.0732,0.1294,1
2022 DATAGATE,2.1192,2.0652,2.1053,1.4454,0.9762,0.0257,0.1075,0.0016,0.3981,0.0004,-206.1896,-0.0275,258.3944,0.0617,0.0392,0.621,0.0726,0.0345,0.6494,0.1075,2.968,1
2022 DEMİSAŞ DÖKÜM,3.3246,2.9971,2.8857,1.1434,0.8692,0.1135,0.1212,0,0.0482,0.9391,-0.129,-0.028,0.1291,0.0697,0.0089,0.5041,0.0565,0.028,-1.3575,0.1212,0.2386,1
2022 DOĞAN BURDA,2.0294,0.788,1.5332,1.7223,1.6714,0.8097,0.1595,0.0053,0.0852,0.0789,-0.0842,-0.0022,2.0222,0.095,0.0235,0.9675,0.0674,0.0526,-0.2439,0.1595,0.5272,1
2022 DOĞUSAN BORU,0.3103,0.232,0.2273,1.9927,0.5531,0.3442,0.1544,0,0,0.79,0.0127,0.0076,0.1955,0.5596,0.5413,1.0737,0.1035,0.1179,37.7113,0.1544,0.1585,1
2022 EDİP GAYRİMENKUL,4.4895,4.4406,0.2175,1.4663,1.465,0.2246,-0.6408,0.0005,0.002,0.0212,-39.3575,-0.2388,-30.2667,0.5157,0.0641,-6.4281,0.0321,-0.1836,0.022,-0.6408,0.0423,1
2022 EGE PROFİL,1.6065,1.4325,1.445,1.3324,1.0022,0.1204,0.2352,0.2315,0.0343,0.6424,0.0368,0.0091,0.3661,0.1759,0.0953,1.0888,0.1023,0.0902,0.8448,0.2352,0.417,1
2022 EGE SERAMİK,1.2272,1.0273,1.1236,1.5716,1.15,0.1779,0.4201,0.6101,0,0.3827,0.0329,0.0057,1.0977,0.2949,0.0881,1.0273,0.2073,0.1886,0.3315,0.4201,0.9927,1
2022 EMLAK KONUT,1.2061,0.8622,1.0497,1.7764,0.586,0.3276,0.1369,0,0.649,0.0703,-0.1232,-0.0039,1.946,0.5481,0.0495,0.9405,0.0659,0.062,0.1151,0.1369,0.4306,1
2022 ENEJİSA ENERJİ,3.3927,3.2122,2.6946,0.9224,0.8766,0.067,0.2171,0.0012,0.2552,0.2528,-0.5758,-0.0331,0.8589,0.1141,0.0207,0.6462,0.0937,0.0494,-0.0622,0.2171,0.2157,1
2022 ENKA İNŞAAT,0.3419,0.1454,0.252,2.2778,2.0838,0.7801,-0.018,0,0,0.1469,-0.6093,-0.0667,-0.1223,0.3329,0.1088,-0.2254,0.0544,-0.0134,-3.8302,-0.018,-0.0316,1
2022 ENSARİ GIDA,1.3909,1.0497,1.137,1.2548,0.7502,0.3001,0.0591,0.1709,0,0.2641,-0.6043,-0.0668,0.2237,0.2896,0.0473,0.2931,0.0944,0.0247,-9.8617,0.0591,0.2559,1
2022 ERSAN ALIŞVERİŞ,1.5585,0.9519,1.1947,1.3975,0.6664,0.5078,0.0528,0,0.0081,0.3741,0.0201,0.0029,0.1412,0.0234,0.047,1.144,0.0204,0.0206,1.4934,0.0528,0.0604,1
2022 ERSU MEYVE,0.3593,0.3557,0.235,1.8955,0.4926,0.0154,0.1105,1.017,0.6324,0.9137,-0.0053,-0.0036,0.121,0.4878,0.4857,0.9531,0.0762,0.0813,139.0065,0.1105,0.1134,1
2022 FORMET METAL,1.0139,0.9915,0.8408,1.4569,0.9413,0.0266,-0.039,0,0,0.6857,-0.0751,-0.0256,-0.0569,0.0293,0.0139,-2.8188,0.0067,-0.0194,-3.7872,-0.039,0.0657,1
2022 GEDİZ AMBALAJ,0.4252,0.2363,0.399,2.5941,2.0362,0.4736,0.2248,0,0.0012,0.311,-0.0329,-0.0072,0.7229,0.3565,0.0121,0.9619,0.1886,0.1578,-0.3396,0.2248,0.7233,1
2022 GİRİŞİM ELEKTRİK,1.5167,1.3606,1.2667,1.623,1.3634,0.1232,0.2021,0.1217,0.0019,0.4011,-0.1665,-0.0265,0.5038,0.2662,0.1083,0.7908,0.1269,0.0803,-5.2028,0.2021,0.6917,1
2022 GİRİŞİM HOLDİNG,1.5082,1.353,1.2597,1.623,1.3634,0.1232,0.2065,0.1217,0.0019,0.4044,-0.1642,-0.0265,0.5106,0.2709,0.1037,0.7945,0.1288,0.0823,0.0055,0.2065,0.6954,1
2022 GÖLTAŞ GÖLLER,2.1939,2.1657,1.4921,1.0251,0.8146,0.0189,0.3465,0.1161,0.0012,0.7834,0.0458,0.0112,0.4424,0.1908,0.0643,1.1145,0.0981,0.1085,-83.2824,0.3465,0.3184,1
2022 HUN YENİLENEBİLİR,1.1639,1.1265,0.1778,0.48,0.457,0.21,0.0953,0.2496,0.1598,0.9984,0.0391,0.018,0.0955,0.5074,0.2567,1.7354,0.0245,0.044,-1.7301,0.0953,0.0479,1
2022 IŞIKLAR ENERJİ,0.3633,0.3039,0.3218,1.6931,0.931,0.1844,0.1174,0.0107,0.0002,0.4386,-0.0397,-0.0128,0.2676,0.1858,0.0655,0.8559,0.0886,0.0861,-5.2076,0.1174,0.1215,1
2022 İHLAS GAZATECİLİK,0.1087,0.0484,0.0491,11.7027,9.2247,1.2269,0.0258,0.0522,0.3323,0.0919,0.2183,0.0181,0.2809,0.0276,0.0227,5.345,0.0042,0.0233,-2.3999,0.0258,0.0118,1
2022 KALEKİM KİMYEVİ,1.476,0.9337,1.263,1.2569,0.8206,0.4294,0.2117,0.0504,0.0006,0.8777,-0.0082,-0.0029,0.2411,0.2162,0.2006,0.972,0.1033,0.0855,-27.2521,0.2117,0.3131,1
2022 KARDEMİR KARABÜK,1.476,0.9337,1.263,1.2569,0.8206,0.4294,0.2117,0.0504,0.0006,0.8777,-0.0082,-0.0029,0.2411,0.2162,0.2006,0.972,0.1033,0.0855,-27.2521,0.2117,0.3131,1
2022 KOÇ HOLDİNG,7.0768,6.3248,5.9938,0.8166,0.7321,0.1255,0.251,0.0685,0.0412,0.3766,-0.1305,-0.0061,0.6664,0.1756,0.0477,0.8551,0.042,0.0311,2.8612,0.251,0.1079,1
2022 KÜTAHYA ŞEKER,0.3382,0.267,0.1624,2.9796,2.6596,0.4383,0.1736,0,0,0.5,0.0901,0.0337,0.3473,0.5184,0.0041,1.2813,0.1197,0.1298,197.6214,0.1736,0.2138,1
EFOR ÇAY,1.1651,1.1348,0.9742,1.1142,0.4679,0.0311,0.0656,0,0,0.7271,-0.0693,-0.0233,0.0902,0.0883,0.0096,0.4087,0.0394,0.0303,-4.0409,0.0656,0.0833,1
EKİZ KİMYA ,0.1061,0.106,0.1032,0.3749,0.3749,0.0008,0.505,0,0,0.0021,245.9207,0.4601,244.0524,-0.0051,0.0003,-218.097,-0.0021,0.4566,-0.6254,0.505,0.5043,1
EKSUN GIDA ,1.0944,0.6529,1.0529,1.6948,1.1364,0.4194,-0.1359,0.0034,0.2006,0.2139,-0.5926,-0.0605,-0.6352,-0.0047,-0.0134,13.4858,-0.0048,-0.0649,3.4658,-0.1359,0,1
ELITE NATUREL,0.2879,0.2638,0.2879,3.0873,2.2177,0.0835,0.2348,0.8609,0,0.4679,0.0031,0.0029,0.5019,0.3803,0.0305,1.0056,0.526,0.1693,9.5818,0.2348,0.526,1
ETİLER GIDA ,1.356,1.2859,1.1578,1.2282,1.0956,0.0605,-0.0548,0.0001,0.0001,0.4946,-0.4414,-0.0927,-0.1107,0.1388,-0.0113,-0.0037,0.0923,-0.0232,-11.0792,-0.0548,0.2329,1
EURO KAPİTAL,0.0608,-0.0689,0.0228,39.6103,39.6103,5.6849,-0.0394,0,0,0.0985,-1.9225,-0.1785,-0.4004,0.3668,0.0173,-0.2631,0.1413,-0.0372,21.5636,-0.0394,0.9528,1
EURO MENKUL,0.0553,-0.0657,0.0239,37.9361,37.9361,5.0605,0.0118,0,0,0.09,-2.0394,-0.174,0.1309,0.4458,0.0577,0.0603,0.1851,0.0112,-2.2716,0.0118,1.3169,1
EURO TREND,0.0882,-0.0401,0.0356,0.0082,0.0082,3.6051,-0.02,0.0708,0,0.0213,-9.1602,-0.1792,-0.9373,0.3859,0.0337,-0.114,0.1608,-0.0183,-0.3804,-0.02,1.5448,1
EUROPOWER ENERJİ ,0.4182,0.3524,0.3176,2.6444,1.8271,0.2071,0.2399,0.0697,0.0808,0.5076,-0.0489,-0.0175,0.4726,0.5043,0.2991,0.916,0.2084,0.1692,1.2444,0.2399,0.5534,1
FORTE BİLGİ İLETİŞİM,0.6761,0.4834,0.5959,1.8895,1.4367,0.3234,-0.1274,0,0,0.1213,-0.8048,-0.0582,-1.0501,-0.0558,0.1255,3.0378,-0.0286,-0.076,-11.3809,-0.1274,-0.0721,1
FRİGO PAK GIDA,0.3209,0.3007,0.2157,3.5567,2.1658,0.0933,0.1043,0,0,0.5412,2.2259,0.9121,0.1928,0.327,0.0457,9.9773,0.1016,0.079,-20.6485,0.1043,0.2424,1
GEDİZ AMBALAJ,0.3179,0.1724,0.1792,3.5477,2.2976,0.8118,0.0096,0,0.0008,0.5048,-0.1586,-0.0607,0.0189,0.207,0.013,0.1317,0.0699,0.0073,-63.2584,0.0096,0.1342,1
GEZİNOMİ,2.0416,1.9564,1.6479,1.2298,1.2181,0.0517,-0.0541,0.1883,0.0843,0.0812,-0.1397,-0.0037,-0.666,0.009,0.0122,-0.469,0.0025,-0.0178,-1.5764,-0.0541,0.0071,1
GIPTA OFİS,0.3802,0.0055,0.3046,3.1029,2.3797,1.2301,0.0076,0.0029,0.0508,0.4349,-0.0406,-0.0128,0.0174,0.153,-0.4245,0.4845,0.0248,0.0338,-73.8521,0.0076,0.1473,1
GIRISIM ELEKTRİK ,0.6619,0.598,0.5516,2.0298,1.6417,0.1158,0.1948,0.1387,0.0101,0.4804,-0.0008,-0.0002,0.4055,0.4123,0.0848,0.9982,0.1299,0.1172,3.934,0.1948,0.3983,1
GÜNDOĞDU GIDA ,1.8469,1.6641,1.6667,1.2721,0.8115,0.1097,0.0725,0.1304,0.0154,0.7076,-0.0533,-0.0132,0.1025,0.0508,0.0015,0.7881,0.0625,0.0255,-3.4742,0.0725,0.2405,1
HEDEF GİRİŞİM,0.0046,0.0044,0.0026,38.1434,38.1434,0.0715,-0.1474,0,0.1116,0.0076,-29.6181,-0.2233,-19.4572,0.9867,0.091,-1.9149,0.0766,-0.1467,-0.0322,-0.1474,0.0851,1
HEDEF HOLDİNG,0.1192,0.1184,0.0091,1.0323,1.0323,0.0916,-0.2452,0.9982,0.116,0.0082,-35.7464,-0.2617,-29.9251,-0.3048,-0.3048,-39.126,0.0065,-0.2191,-0.0364,-0.2452,-0.0323,1
HUN YENİLENEBİLİR ENERJİ,0.9357,0.9172,0.3139,0.4164,0.3872,0.059,-0.019,1,0.4385,0.8623,-0.0603,-0.0269,-0.022,0.378,0.0157,-0.3702,0.0196,-0.0098,-23.4944,-0.019,0.024,1
ICU GİRİŞİM ,0.1468,0.1037,0.1467,4.016,4.016,0.2939,-0.0491,0,0,0.0138,-2.9163,-0.0352,-3.5518,-0.0504,0.0356,5.602,-0.0076,-0.0428,-0.0191,-0.0491,-0.0224,1
IHLAS EV ALETLERİ,0.425,0.4041,0.2027,3.8589,2.4275,0.1031,-0.0444,0.4094,0.0347,0.0588,-1.4727,-0.0607,-0.755,0.05,0.0188,-0.6889,0.0359,-0.0311,16.7409,-0.0444,0.0494,1
IHLAS GAYRİMENKUL,1.4369,1.3639,0.5928,3.3558,1.5923,0.1231,-0.1535,0.1483,0.245,0.0217,-7.2159,-0.0644,-7.0635,0.1006,0.192,-5.699,0.0096,-0.063,-118.3038,-0.1535,0.0524,1
IHLAS GAZETECİLİK,0.3459,0.338,0.1794,2.1288,1.7494,0.0442,-0.0613,0.1116,0.1701,0.2056,-0.191,-0.0292,-0.2981,-0.0616,0.0292,2.9154,-0.0152,-0.0455,-10.2148,-0.0613,-0.0261,1
IHLAS HABER AJANS ,0.5224,0.4749,0.3354,2.7998,2.7998,0.1416,-0.2216,0.1751,0.0117,0.3447,-0.2229,-0.0505,-0.6428,-0.252,0.0366,1.4776,-0.1056,-0.1455,2.6538,-0.2216,-0.2642,1
IHLAS HOLDİNG,0.858,0.8366,0.2362,4.8308,1.4577,0.0907,-0.1187,0.0233,0.0066,0.3313,0.2022,0.036,-0.3583,-0.3548,0.0552,0.5621,-0.0823,-0.0639,-342.5215,-0.1187,-0.2115,1
IHLAS YAYIN,0.6179,0.604,0.2019,1.9492,1.6367,0.069,0,0.0881,0.2034,0.3003,-0.1188,-0.022,0,-0.1706,0.0485,1.487,-0.0453,0,-30.4675,-0.1066,-0.0591,1
IZ YATIRIM HOLDİNG,0.6226,0.615,0.0306,7.1173,6.6859,0.2502,-0.0001,0,0,0.1253,0.1712,0.0132,-0.0007,-0.009,0.1004,-16.9476,-0.0007,-0.0001,-10.0638,-0.0001,0.0228,1
İZDEMİR ENERJİ,0.0804,0.0785,0.0415,3.9522,1.375,0.045,-0.0833,0.0616,0.2223,0.891,-0.075,-0.0619,-0.0934,-0.0402,0.0026,7.9031,-0.009,-0.0771,-2.0297,-0.0833,-0.0081,1
İZMİR FIRÇA,0.6944,0.6866,0.5584,1.9371,1.282,0.0139,0.0201,0.0053,0,0.5725,-0.2059,-0.0696,0.0351,0.1677,0.0236,0.2801,0.0967,0.0119,81.4644,0.0201,0.2673,1
JANTSA JANT,0.4536,0.3616,0.3395,1.5208,0.9016,0.2711,0.0137,0.0928,0.0188,0.7715,-0.0847,-0.045,0.0178,0.1495,0.0681,0.2533,0.0602,0.0094,-18.1512,0.0137,0.0921,1
KARSU TEKSTİL,1.0633,0.9505,0.7591,1.388,0.8618,0.1487,-0.0778,0,0.0104,0.9943,-0.0952,-0.0459,-0.0782,0.0789,0.0742,-0.7532,0.0262,-0.0377,274.2609,-0.0778,0.0535,1
KARTONSAN KARTON ,0.5127,0.4875,0.4645,1.2107,0.5072,0.0542,-0.1633,0.0434,0.001,0.7748,-0.0414,-0.0337,-0.2108,-0.2368,-0.0348,1.1835,-0.1839,-0.1079,9.1371,-0.1633,-0.1787,1
KATMERCİLER ARAÇ,0.5,0.4871,0.2696,4.9752,2.0765,0.0476,0.0367,0,0,0.1188,0.1376,0.0109,0.309,0.2793,0.1362,1.2889,0.0377,0.0245,3.3189,0.0367,0.5336,1
KERVANSARAY YATIRIM,8.1146,8.1081,6.7029,0.0146,0.0146,0.001,-0.1726,0,0,0.004,172.3541,0.0754,-43.2618,-118.6949,124.6772,-0.3938,-0.0541,-0.0189,-0.9146,-0.1726,-0.0467,1
KIRAÇ GALVANİZ,0.749,0.6926,0.452,2.071,1.7048,0.1247,0.2007,0.4223,0,0.5594,0.2302,0.0736,0.3587,0.2692,0.0579,1.7879,0.0935,0.1147,3.5299,0.2007,0.1899,1
KONYA KAĞIT SANAYİ,0.1038,0.0577,0.0537,5.2537,3.3419,0.8584,0.0119,0.0273,0.0342,0.3016,-0.0296,-0.0081,0.0395,0.1263,0.0023,0.7196,0.0289,0.0108,-18.3903,0.0119,0.0525,1
KRİSTAL KOLA,0.4131,0.4124,0.3443,1.8206,1.2182,0.0018,0.0401,0.9938,0,0.6214,-0.1091,-0.048,0.0646,0.1031,0.0532,0.3903,0.0787,0.0284,-150.0034,0.0401,0.141,1
KÜTAHYA PORSELEN,0.3525,0.34,0.2493,2.157,0.9675,0.0503,0.0409,0.0123,0.078,0.5878,-0.007,-0.003,0.0695,0.1659,0.0164,0.9529,0.0646,0.0302,131.712,0.0409,0.1116,1
KUVVA GIDA,0.4968,0.4945,0.3984,0.6424,0.6008,0.0058,-0.0562,0.1801,0.0045,1.1791,0.0199,0.0157,-0.0477,-0.9821,0.7504,0.6044,-0.0396,-0.0375,-0.4182,-0.0562,-0.0478,1
KUZEY BORU,0.496,0.3463,0.343,2.6521,1.8429,0.4363,0.1483,0,0,0.5587,-0.0308,-0.0115,0.2654,0.1611,0.0059,0.8711,0.0891,0.0991,2.879,0.1483,0.2278,1
LDR TURİZM,0.4277,-0.1594,0.2297,3.0498,2.6317,2.5557,0.0378,0,0,0.6383,0.0406,0.0182,0.0592,0.0925,0.0032,2.3908,0.0131,0.0265,10.3086,0.0378,0.204,1
LİNK BİLGİSAYAR,0.1204,0.1015,0.0452,17.5261,17.5135,0.4166,0.0364,0,0,0.0365,0.6831,0.0223,0.9959,0.1521,0.0465,1.7289,0.0305,0.0325,-0.1986,0.0364,0.5519,1
LÜKS KADİFE,0.3216,0.3058,0.1312,1.9112,1.234,0.1209,-0.0211,0.3232,0,0.659,0.0514,0.0256,-0.032,-0.1305,0.0262,-0.1969,-0.0214,-0.016,-13.5095,-0.0211,-0.0074,1
MAKİM MAKİNA,0.317,0.1982,0.2757,2.5886,1.8059,0.431,0.1023,0,0,0.4947,0.0029,0.0011,0.2068,0.1923,0.0148,1.0116,0.093,0.0777,-1.1418,0.1023,0.2467,1
MARTI GAYRİMENKUL,0.103,0.1029,0.0179,0.9538,0.9538,0.0066,0.1351,1,0,0.0125,9.283,0.1053,10.8037,0.8634,0.4858,7.1044,0.0172,0.1225,-0.0032,0.1351,0.1234,1
MARTI OTEL,0.4167,0.4158,0.0863,0.6813,0.6234,0.0102,0.042,0.2301,0.0054,1.2026,0.015,0.0127,0.0349,0.2582,1,1.8245,0.0155,0.0296,-17.054,0.042,0.0245,1
MATRİKS FİNANSAL,0.2797,0.046,0.2574,1.8096,1.8096,0.9075,0.1997,0,0.0124,0.0551,-1.8904,-0.0814,3.6219,0.2999,0.0159,0.6608,0.2401,0.156,-0.428,0.1997,6.1892,1
MEGA METAL SANAYİ,1.5131,0.8143,1.3236,1.2006,0.8162,0.528,0.1033,0,0,0.6988,-0.0824,-0.0229,0.1478,0.0525,0.0029,0.5816,0.0548,0.0411,1.7458,0.1033,0.1593,1
METEMTUR YATIRIM,0.2388,0.2229,0.0802,9.4249,2.192,0.1974,0.059,0,0,0.4267,0.0778,0.0268,0.1382,0.145,0.0223,1.532,0.0504,0.0476,2.0032,0.059,0.1486,1
MONDI TURKEY,0.6527,0.6338,0.6059,1.3753,1.0349,0.0312,-0.0891,0,0.313,0.7323,-0.0708,-0.0314,-0.1216,-0.0092,0.144,7.0535,-0.0052,-0.0539,27.1044,-0.0891,-0.0104,1
NASMED,0.2728,0.2092,0.1272,1.1556,1.0902,0.5004,0.0207,0.0998,0,0.9238,-0.0045,-0.0032,0.0224,0.0863,0.0415,0.8746,0.0258,0.0163,-23.7797,0.0207,0.0292,1
ORÇAY,0.7288,0.707,0.6167,1.7477,0.8925,0.0354,0.0268,0.0076,0,0.636,-0.3416,-0.1257,0.0421,0.3288,0.0978,0.0005,0.1257,0.0155,-5.0912,0.0268,0.3401,1
OTTO HOLDİNG,0.3392,0.2805,0.1263,2.3731,2.3731,0.4644,0.135,0,0,0.145,-0.5633,-0.061,0.931,0.6238,0.2643,0.7048,0.2067,0.1008,0.0025,0.135,0.2663,1
OYLUM SINAİ,0.3496,0.1959,0.2028,2.8505,2.3944,0.7577,-0.0352,0.4496,0,0.717,-0.2243,-0.1192,-0.049,0.2041,0.0121,-0.5675,0.076,-0.0261,-32.8688,-0.0352,0.162,1
ÖZYAŞAR TEL VE GALVANİZ,1.0333,0.7258,0.763,1.4707,1.0879,0.4029,0.0458,0.021,0.008,0.7556,-0.0653,-0.0243,0.0606,0.0998,0.0009,0.5653,0.0558,0.0225,-11.0466,0.0458,0.1385,1
PANELSAN ÇATI,0.8471,0.7426,0.8209,1.4097,1.0759,0.1273,0.0454,0.055,0,0.4895,-0.1792,-0.0475,0.0927,0.1365,0.0878,0.1038,0.053,0.0246,-2.3157,0.0454,0.1809,1
PAPİLON SAVUNMA,0.1028,0.0305,0.0343,25.0333,21.2026,2.1102,0.0033,0,0,0.0193,-0.4865,-0.0085,0.1707,0.3495,0.0444,0.8483,0.0562,0.003,-0.5364,0.0033,0.9141,1
PASİFİK EUROSIA,0.4277,0.3476,0.3561,1.8864,1.8756,0.225,0.1025,0.169,0.2952,0.1433,0.2741,0.0275,0.7155,0.2599,0.0377,1.4854,0.0567,0.0718,-3.6712,0.1025,0.2244,1
PASİFİK GAYRİMENKUL,1.3235,1.322,0.2834,3.2221,1.0578,0.0052,0.0897,0.0094,0.0303,0.0218,3.1874,0.0299,4.117,0.6229,0.5001,4.4286,0.0087,0.0386,0.0963,0.0897,0.0146,1
PASİFİK TEKNOLOJİ,0.9229,0.8792,0.8233,1.6369,1.3227,0.0531,-0.0418,0.346,0.4829,0.0987,0.3447,0.0177,-0.4229,-0.1225,0.0396,0.3441,-0.027,-0.0217,-2.1479,-0.0418,0.008,1
PETROKENT,0.6014,0.4439,0.5563,0.7857,0.7063,0.2831,-0.074,0.0701,0.1645,1.1216,0.0031,0.0021,-0.0659,-0.3225,-0.04,0.9585,-0.0518,-0.0462,-15.3178,-0.074,-0.068,1
PRİZMA PRES,0.2123,0.2045,0.2,1.9878,0.2936,0.0391,-0.008,0.2322,0.1293,0.5614,-0.0056,-0.0026,-0.0142,-0.262,0.203,1.1161,-0.0223,-0.0066,-18.4426,-0.008,-0.0175,1
Q YATIRIM,0.1636,0.1634,0.1163,8.5306,8.5306,0.0015,0.1008,0.99,0.9674,0.0049,-14.7371,-0.0618,20.6412,1.0171,0.0244,0.6447,0.1741,0.0866,-0.0005,0.1008,1.1822,1
QUA GRANİTE,1.0137,0.9381,0.9003,1.2581,0.9749,0.0839,-0.1859,0.2148,0.1763,0.8038,-0.241,-0.0962,-0.2312,0.144,0.6569,-1.5657,0.0375,-0.0923,-46598.4768,-0.1859,0.0585,1
RODRİGO,0.997,0.9163,0.74,1.5686,0.1782,0.109,-0.1536,0,0,0.3597,-0.5757,-0.1037,-0.4271,0.1798,0.0344,-0.7625,0.0588,-0.0769,36.8595,-0.1536,0.1394,1
SAFKAR EGE,0.719,0.6252,0.4631,2.1154,1.2723,0.2024,0.1329,0,0.0313,0.6426,-0.0506,-0.0189,0.2068,0.209,0.0637,0.8233,0.1071,0.0773,-0.2982,0.1329,0.2521,1
SARKUYSAN,1.6799,1.4587,1.4967,1.3645,0.9756,0.1478,0.0533,0.0027,0,0.4324,-0.1297,-0.0209,0.1233,0.0408,0.022,0.5834,0.0502,0.0199,27.0698,0.0533,0.2119,1
SAY YENİLENEBİLİR,0.6044,0.4396,0.4253,3.2285,2.5376,0.3874,0.0899,0.3641,0.045,0.1997,-0.5496,-0.0684,0.4502,0.2216,0.0391,0.4945,0.1352,0.056,-2.2514,0.0899,1.1388,1
SDT UZAY,0.6341,0.3686,0.5864,2.3763,1.3658,0.4526,0.004,0.0041,0.0017,0.06,-11.0905,-0.4071,0.0675,1.2823,0.1139,-0.0525,0.3868,0.0025,-0.8707,0.004,0.4452,1
SEĞMEN KARDEŞLER,0.2536,0.244,0.1485,2.7206,1.606,0.065,0.0781,0.6107,0,0.8254,-0.0512,-0.0337,0.0947,0.2465,0.1097,0.6326,0.0918,0.0623,43.4368,0.0781,0.1356,1
SKYALP,0.1167,0.1071,0.1045,5.4151,5.4151,0.0924,0.0818,0.3695,0.2201,0.0564,0.6901,0.0349,1.4493,0.0191,0.0385,6.1647,0.0068,0.0732,-1.766,0.0818,0.2786,1
SMARTİKS,0.2702,0.2627,0.2627,1.2657,1.2079,0.0286,0.1381,0.0422,0,0.0685,-0.5147,-0.0278,2.0167,0.5047,0.1507,0.7967,0.1365,0.1088,-0.0222,0.1381,0.1882,1
SONMEZ PAMUKLU,0.1099,0.0872,0.0823,2.2169,1.4303,0.2764,-0.0349,0.0169,0.1363,0.4243,-0.1123,-0.0429,-0.0821,0.0287,0.0002,-0.4945,0.0287,-0.0314,334.3017,-0.0349,0.0373,1
SUN TEKSTİL,0.669,0.5934,0.5484,1.5317,0.9733,0.138,0.0365,0.2546,0,0.5835,-0.0716,-0.025,0.0626,0.0774,0.0359,0.5864,0.0605,0.0219,-6.288,0.0365,0.1389,1
TAPDİ OKSİJEN,0.2988,0.2352,0.1245,1.1452,1.0198,0.5114,0.2244,0.0001,0.0123,0.687,0.3497,0.185,0.3266,0.2295,0.0299,6.36,0.0345,0.1728,-0.3719,0.2244,0.2327,1
TATLIPINAR ENERJİ,0.8986,0.8442,0.1753,0.8356,0.8173,0.3098,0.1104,0,0.0009,1.4704,-0.0146,-0.0113,0.0751,0.5924,0.0778,0.8055,0.058,0.0582,-0.7076,0.1104,0.0626,1
TEK ART,0.3317,0.3294,0.0994,0.2601,0.2475,0.0234,-0.0086,0,0,0.8197,0.0107,0.0067,-0.0105,-0.3191,0.0275,-0.7568,-0.0038,-0.0065,96.4409,-0.0086,-0.0039,1
TEMAPOL POLİMER,1.806,1.6644,1.161,1.3221,1.0285,0.1219,0.0398,0.0223,0,1.0329,-0.0088,-0.0032,0.0386,0.0165,0.0732,0.1202,0.0037,0.0142,-0.6197,0.0398,0.1001,1
TREND GAYRİMENKUL,0.0156,-0.118,0.0148,66.4365,13.0059,9.0158,-0.0025,0,0,0.0248,-0.1214,-0.003,-0.1011,0.0054,0.01,-4.9622,0.0005,-0.0025,-10.4951,-0.0025,0.0305,1
TUĞÇELİK ALÜMİNYUM,0.9221,0.9174,0.5926,0.8964,0.6385,0.0079,0.0832,0.0166,0.006,1.2696,0.0198,0.0131,0.0655,0.0246,0.0588,3.7895,0.0047,0.0433,37.533,0.0832,0.0075,1
TUKAŞ GIDA,0.2663,0.259,0.2089,2.032,1.0569,0.0348,0.026,0,0.0005,0.7987,-0.0523,-0.033,0.0325,0.1114,0.1006,-0.3244,0.0249,0.0205,-6.2077,0.026,0.0584,1
TURK İLAÇ,1.1087,1.0901,0.5756,2.1818,1.942,0.0324,0.04,0.8166,0.1018,0.7239,-0.1104,-0.0379,0.0553,0.146,0.0366,0.2212,0.0486,0.019,58.8698,0.04,0.1198,1
ULAŞLAR TURİZM,0.9851,0.9848,0.7751,0.043,0.043,0.0005,-0.0197,0,0,0.0021,10.2925,0.0111,-9.2958,0.0521,0.4414,28.3744,0.0004,-0.0099,1.3509,-0.0197,0.0064,1
UŞAK SERAMİK,1.0052,0.9986,0.9568,1.0413,0.658,0.007,-0.0589,0.6644,0.0134,0.9419,-0.0954,-0.0448,-0.0625,0.0639,0.4054,-1.9254,0.0153,-0.0294,102.6593,-0.0589,0.0291,1
VBT YAZILIM,0.3869,0.1302,0.3643,2.9412,2.489,0.7046,0.0685,0,0,0.169,-0.7843,-0.0955,0.4056,0.1199,0.0082,0.3309,0.1428,0.0494,139.9086,0.0685,0.667,1
VERA KONSEPT,0.0217,-0.0275,0.0059,57.7246,44.7921,8.3777,0.0196,0,0,0.0038,4.5659,0.0171,5.1122,0.6316,0.6881,9.3766,0.002,0.0192,-0.1475,0.0196,0.027,1
YAPRAK SÜT ,0.3962,0.2443,0.2672,1.5634,1.2486,0.5682,0.0618,0,0.0016,0.3539,-0.2536,-0.0643,0.1747,0.5852,0.0096,0.4817,0.124,0.0443,-15.9491,0.0618,0.152,1
YİĞİT AKÜ,0.4663,0.4287,0.4125,2.3218,1.6068,0.091,0.0335,0.0402,0.1121,0.4331,-0.0917,-0.0271,0.0773,0.0745,0.0369,0.368,0.0428,0.0228,-12.4761,0.0335,0.1236,1
YÜKSELEN ÇELİK,1.5789,1.5111,1.3571,1.4805,0.7945,0.0499,-0.2461,0,0,0.4293,-0.274,-0.0456,-0.5733,-0.1067,0.0496,1.9678,-0.0471,-0.0954,-1.7358,-0.2461,-0.169,1
ZEDUR ENERJİ,0.24,0.2388,0.0866,0.2323,0.2323,0.0141,0.0746,0,0,1.1899,0.0186,0.0179,0.0627,0.4408,0.3508,1.6214,0.0288,0.0602,-35.6964,0.0746,0.0284,1
2023-BİEN YAPI,0.7942,0.7833,0.7322,2.1505,1.7917,0.0149,0.0763,0.1197,0.1406,0.17,0.2055,0.0195,0.4487,0.1155,0,1.4818,0.0404,0.0425,-6.806,0.0763,0.4237,1
2023-BİOTREND,7.2576,6.6892,2.4905,1.077,0.929,0.2282,0.4004,0,0,4.5272,0.0218,0.012,0.0885,0.2181,0.0166,1.2805,0.0427,0.0485,-1.9875,0.4004,0.0757,1
2023-BİRLİK MENSUCAT,1.3448,0.1295,1.1103,1.7176,1.3528,1.0946,-0.076,0,0,0.0667,0.4216,0.012,-1.1402,-0.2602,0.1243,0.73,-0.0444,-0.0324,-0.0073,-0.076,-0.2378,1
2023-BÜLBÜLOĞLU,2.3762,2.1832,1.6041,1.5044,0.7591,0.1203,0.0757,0.0017,0,0.8603,0.0722,0.0645,0.088,0.019,0.1087,5.77,0.0135,0.0224,1.1235,0.0757,0.0145,1
2023-BURÇELİK BURSA,1.0163,0.942,0.7175,0.987,0.5968,0.1035,0.0371,0,0,1.2608,0.0033,0.002,0.0294,0.015,-0.0443,1.1361,0.015,0.0184,-15.8771,0.0371,0.0252,1
2023-BÜYÜK ŞEFLER,1.3483,0.6506,0.8444,1.5459,1.3926,0.8262,0.2541,0,0,0.483,-0.0441,-0.0091,0.5262,0.1537,0.0252,0.9335,0.1363,0.1082,-0.5489,0.2541,0.3436,1
2023-ÇALIK DENİM,1.9513,1.9253,1.3737,1.1438,0.6264,0.0189,0.2692,0.0696,0.0961,0.8628,-0.3328,-0.0973,0.3121,0.4865,0.4091,0.5049,0.1965,0.0912,-0.3046,0.2692,0.4228,1
2023-CONSUS ENERJİ,1.4393,1.3575,0.8478,0.4727,0.3455,0.0964,0.0608,0.1365,0,1.9594,-0.0149,-0.0119,0.031,0.195,0.1075,0.6329,0.0325,0.0249,15.1113,0.0608,0.0426,1
2023-COSMOS YATIRIM,1.8075,1.4856,1.7847,1.3719,0.9397,0.1803,0.1172,0.6326,0,0.245,0.2373,0.0207,0.4785,0.036,0.0796,1.6191,0.0335,0.0418,-0.6701,0.1172,0.2574,1
2023-CVK MADEN,0.1786,-0.1745,0.077,8.3232,7.6187,4.5832,0.1585,0,0.0033,0.4844,0.1095,0.045,0.3272,0.4767,0.0313,1.3972,0.1133,0.1345,-1.4477,0.1585,0.287,1
2023- A.V.O.D,0.63,0.59,0.57,1.8,1.28,0.07,0.03,0,0,0.21,-0.99,-0.13,0.13,0.15,0.07,-0.91,0.07,0.02,-1.51,0.03,0.19,0
2023-ADESE GAYRİMENKUL,0.1929,0.1165,0.0375,4.2771,3.027,2.0395,0.0228,0.2538,0.5364,0.0122,1.3417,0.0137,1.8616,0.3334,0.0231,3.2179,0.0062,0.0191,-1.0804,0.0227,0.014,0
2023-AHLATCI DOĞAL GAZ,0.5182,0.2126,0.3454,1.1822,1.1658,0.8847,0.0328,0.0091,0.0109,1.1,-0.0432,-0.0313,0.0298,0.132,0.0033,0.4563,0.0576,0.0216,1.2096,0.0328,0.0791,0
2023- AKÇA KİMYEVİ MAD.,1.6453,1.4438,1.5533,1.6244,1.1174,0.1297,0.216,0.2058,0.0335,0.0013,-279.7745,-0.133,171.8477,0.0902,0.2267,-0.5518,0.0857,0.0817,2.7537,0.216,1.8119,0
2023- AKFEN YENİLENEBİLİR,2.3697,2.2262,0.4698,0.5513,0.5513,0.3054,0.0813,0.0001,0.0064,2.9331,-0.0275,-0.0239,0.0277,0.4865,0.0056,0.4208,0.0413,0.0241,23.8766,0.0813,0.0472,0
2023- AKIN TEKSTİL,0.9017,0.8633,0.713,0.8413,0.5455,0.0539,-0.0641,0,0,0.6923,-0.0925,-0.0337,-0.0926,-0.025,-0.2678,5.6813,-0.0072,-0.0337,127.0314,-0.0641,-0.0038,0
2023- AKSA ENERJİ,0.7016,0.663,0.3988,1.4102,1.3299,0.0969,0.1041,0.1626,0.121,1.0891,0.0201,0.0129,0.0956,0.2056,0.0031,1.1909,0.0674,0.0612,-1.9961,0.1041,0.0929,0
2023-ALORKO HOLDİNG,0.5086,0.433,0.4301,1.1952,1.1143,0.1758,0.2425,0.009,0.0073,0.0761,2.1156,0.1067,3.1861,0.525,0.1363,3.0081,0.0532,0.1607,-0.8496,0.2425,0.258,0
2023- ALKİM ALKALİ KİMYA,0.618,0.2383,0.5647,2.2203,2.1921,0.6726,0.1733,0.0005,0,0.2712,0.0059,0.001,0.639,0.2049,0.0744,1.0074,0.1338,0.1071,-13.7515,0.1733,0.6219,0
2023- ANEL ELEKTRİK,3.8513,3.7929,2.993,0.7678,0.5898,0.0195,-0.0987,0.0231,0.0856,0.0254,-4.1785,-0.0219,-3.8818,0.0113,0.5957,-15.1582,0.0014,-0.0203,-41.9109,-0.0987,0.0026,0
2023- ARD GRUP,0.2459,0.2178,0.2367,3.0672,2.999,0.119,0.2123,0,0,0.0078,1.2093,0.0076,27.106,0.625,0.0733,1.0484,0.157,0.1704,-2.8076,0.2123,0.4197,0
2023-ARSAN TEKSTİL,0.3545,-0.0171,0.3076,1.9612,1.7348,1.2083,0.191,0,0.7915,0.1916,0.7346,0.1039,0.9968,0.5084,0.0547,3.6087,0.0398,0.141,17.4116,0.191,0.2491,0
2023-ASELSAN ELEKTRONİK,0.9726,0.944,0.7957,1.2132,0.734,0.0358,0.1206,0.4416,0.2881,0.1653,-0.4577,-0.0384,0.7293,0.5288,0.3582,0.6449,0.108,0.0611,-3.1801,0.1206,0.2118,0
2023- ASTOR ENERJİ,0.625,0.3119,0.5973,2.2052,1.8265,0.5241,0.2614,0.0229,0.0404,0.158,0.1984,0.0193,1.6551,0.372,0.0892,1.1109,0.1739,0.1609,-1.1511,0.2614,0.9894,0
2023- ATAKULE GYO,0.009,0.0003,0.0038,7.9407,7.9407,2.2534,0.0087,0.2017,0,0.003,0.7087,0.0021,2.9038,0.1892,0.0512,1.3228,0.0065,0.0086,8.0135,0.0087,0.0071,0
2023- ATLANTİS YATIRIM,1.0646,1.0588,1.0601,1.6055,1.0959,0.0055,0.1472,0,0,0.0053,-0.0476,-0.0001,27.7086,0.1446,0.075,0.9987,0.0951,0.0713,5.504,0.1472,0.5412,0
2023- AVRUPA YATIRIM,0.547,0.5067,0.3865,1.6651,1.3488,0.1042,0.0934,0.0003,0,0.1843,0.1351,0.0161,0.5069,0.2533,0.0042,1.2779,0.0579,0.0604,3.3737,0.0934,0.1437,0
2023-AYDEM YENILENEBILIR,1.6359,1.5022,0.158,1.9436,1.9386,0.8457,-0.1106,0.9664,0.0038,2.2512,-0.0918,-0.0079,-0.0492,0.4722,0.0189,-1.6314,0.0298,-0.042,-554.6046,-0.1106,0.0428,0
2023-AYEN ENERJI,0.9664,0.8159,0.3063,1.6375,1.6375,0.4912,0.0474,0.0264,0.0096,1.2903,0.0002,0.0001,0.0368,0.1487,0.1335,1.0038,0.0311,0.0241,-1.9364,0.0474,0.0649,0
2023-BAGFAS BANDIRMA,2.5806,1.9752,0.9754,1.596,0.9105,0.6206,-0.4742,0.009,0.0203,0.8595,-0.1804,-0.0433,-0.5516,-0.2174,0.2089,1.5554,-0.078,-0.1324,72.751,-0.4742,-0.1385,0
2023-BAK AMBALAJ,2.7155,2.2783,1.7927,1.4406,1.0954,0.2439,-0.0049,0,0.4535,1.0087,-0.3458,-0.0939,-0.0049,0.1854,0.1641,0.0327,0.0971,-0.0013,-532.5285,-0.0049,0.3232,0
2023-BATICIM BATI,7.1951,7.0912,3.2961,0.7907,0.5255,0.0315,-0.8037,0.002,0,5.4237,-0.2291,-0.1516,-0.1482,0.0979,0.085,-1.5532,0.0594,-0.0981,-6.7196,-0.8037,0.1171,0
2023-BAYDONER,1.6719,1.2246,1.0646,0.9767,0.7073,0.4202,0.2036,0.0037,0,0.8038,-0.0686,-0.0206,0.2532,0.1124,0.0375,0.7653,0.0879,0.0762,-66.6049,0.2036,0.1525,0
2023-BERA HOLDING,0.4694,0.3007,0.3401,2.1557,1.4735,0.4963,0.0404,0,0,0.4996,0.0149,0.0051,0.0809,0.0929,0.0355,1.1619,0.0313,0.0275,-11.3573,0.0404,0.0588,0
2023-BERKOSAN YALITIM,0.9967,0.8285,0.818,1.4515,1.0991,0.2056,0.2619,0,0,0.6135,-0.0412,-0.0127,0.427,0.2632,0.0579,0.925,0.1688,0.1312,40.8198,0.2619,0.4618,0
A.V.O.D,0.6969,0.6686,0.6634,1.3126,0.9049,0.0425,-0.09,0.0344,0,0.2784,-0.4742,-0.0778,-0.3233,0.0021,0.0424,-123.0727,0.0006,-0.053,297.2383,-0.09,0.0021,0
ADRA GAYRİMENKUL,0.0017,-0.1781,0.0016,476.6501,121.2817,115.383,0.0826,0,0,0.0037,18.1637,0.0671,22.3433,0.4834,0,5.3459,0.0154,0.0825,-1.2795,0.0826,0.4352,0
AKÇA KİMYEVİ,2.3974,2.2992,1.987,0.9783,0.6869,0.0494,0.1729,0.0118,0.3627,0.8489,-0.1701,-0.0425,0.2036,0.177,0.1019,0.6068,0.1081,0.0509,-0.01,0.1729,0.2467,0
AKDENİZ YATIRIM,0.1883,0.175,0.183,0.6869,0.4996,0.0727,0.0218,0.0096,0.2139,0.4371,0.1035,0.0381,0.05,0.0512,0.2847,12.7141,0.0033,0.0184,33.4561,0.0218,0.0036,0
AKSU ENERJİ,0.3889,0.3309,0.0782,1.1233,1.0855,0.7413,-0.0028,0,0,0.37,-0.0166,-0.0044,-0.0075,0.2233,0.0142,0.4997,0.0089,-0.002,66.664,-0.0028,0.019,0
ALFA SOLAR ,0.8797,0.5005,0.7181,1.7522,1.1226,0.528,0.0584,0,0.0001,0.5046,0.0602,0.0162,0.1157,0.0606,0.0649,1.5081,0.0318,0.0311,-9.1296,0.0584,0.2085,0
ALVES KABLO,0.9432,0.815,0.8512,1.6266,1.1251,0.1506,0.0109,0,0,0.4819,-0.4333,-0.1074,0.0226,0.1453,0.0113,0.0454,0.1125,0.0056,-12.6683,0.0109,0.3918,0
ARSAN TEKSTİL,0.0827,-0.1405,0.0219,12.3021,12.2743,10.1767,0.1182,0.0006,0,0.2211,0.6526,0.1333,0.5345,-3.1205,2.6771,-6.6059,-0.0175,0.1091,-19.4022,0.1182,0.1837,0
ARTEMİS HALI,0.5356,0.3193,0.412,2.748,1.6918,0.525,0.0418,0.2241,0.0186,0.2951,0.0265,0.0051,0.1416,0.2221,0.0225,1.1262,0.0403,0.0272,-442.3932,0.0418,0.1571,0
BAGFAS FİNANSAL ,0.9544,0.839,0.6085,0.8106,0.4406,0.1896,-0.1592,0.7239,0.0891,1.2459,-0.0348,-0.0222,-0.1278,-0.6122,0.8284,1.4047,-0.0548,-0.0815,22.1271,-0.1592,-0.0735,0
BAHADIR BDR,0.3729,0.3621,0.2629,2.1826,1.6075,0.0409,0.0577,0.0127,0.0018,0.7205,-0.0503,-0.0264,0.0801,0.22,0.0043,0.623,0.0701,0.042,5.3786,0.0577,0.1143,0
BAYRAK BDR,1.9934,1.9804,1.7917,0.7987,0.5155,0.0072,-0.3563,0,0.0214,1.4516,-0.0867,-0.042,-0.2455,-0.282,0.1195,1.6165,-0.0682,-0.119,-20.8671,-0.3563,-0.1307,0
BERA HOLDİNG,0.3423,0.235,0.1943,2.4151,1.6046,0.5523,0.0485,0,0,0.5262,0.0173,0.0068,0.0921,0.1167,0.0476,1.2255,0.0301,0.0361,-52.012,0.0485,0.0486,0
BİEN YAPI ÜRÜNLERİ,0.5096,0.4453,0.401,2.2667,1.4091,0.1605,-0.074,0.3673,0.2334,0.469,-0.2921,-0.0907,-0.1579,0.0988,0.0064,-2.5448,0.0256,-0.049,-80.9669,-0.074,0.072,0
BİRKO BİRLEŞİK,0.0777,0.0777,0.052,2.9758,2.9079,0.0008,0.0083,0.4334,0,0.749,0.0053,0.0037,0.0111,0.3958,0.0014,1.7509,0.0049,0.0077,-6.6262,0.0083,0.0057,0
BMS BİRLEŞİK,0.7345,0.6223,0.5233,1.2435,0.9406,0.2143,0.0125,0,0,0.9393,-0.0185,-0.01,0.0134,0.0197,0.0072,-0.0723,0.0093,0.0072,-1.5055,0.0125,0.0144,0
BOĞAZİÇİ BETON,0.4181,0.3007,0.3445,1.3789,1.3069,0.3407,0.0094,0,0.021,0.8776,-0.0463,-0.0287,0.0107,0.0825,0.078,0.3814,0.0463,0.0066,409.3442,0.0094,0.0802,0
BURSA ÇİMENTO,0.2693,0.1411,0.1628,3.1806,2.4408,0.7879,0.0066,0.0008,0.0003,0.6671,-0.0475,-0.025,0.01,0.1526,0.0461,0.5225,0.0523,0.0052,-6.3297,0.0066,0.1087,0
ÇEMTAŞ ÇELİK,0.233,-0.0515,0.1134,7.4169,5.2605,2.5097,0.0057,0,0.0132,0.3341,-0.2119,-0.0574,0.0172,0.1471,0.0227,0.2321,0.0748,0.0047,-273.7366,0.0057,0.2992,0
CVK MADEN,0.2995,0.2128,0.1468,1.5017,1.2215,0.5907,0.0321,0,0,0.8834,-0.0289,-0.0196,0.0364,0.2402,0.0686,0.6445,0.0553,0.0247,-5.5718,0.0321,0.0671,0
DATAGATE BİLGİSAYAR,4.78,4.7082,4.7485,1.1762,0.8956,0.0151,-0.0144,0.0002,0.0538,0.0107,-30.3023,-0.0559,-1.3484,0.041,0.0741,-0.0377,0.0539,-0.0025,-0.425,-0.0144,1.5993,0
DENGE YATIRIM HOLDİNG,0.3902,0.3757,0.259,1.08,0.9759,0.0563,0.0218,0,0.0005,0.075,-0.0309,-0.0017,0.2903,-0.2478,0.0492,1.0509,-0.0327,0.0157,7.9745,0.0218,-0.0785,0
DESA DERİ,0.7785,0.7661,0.6732,1.734,1.3921,0.0185,0.0759,0.7584,0.4857,0.2342,0.0183,0.0024,0.3242,0.1863,0.1254,1.0408,0.0591,0.0427,124.4656,0.0759,0.1905,0
DOFER YAPI MALZEMELERİ,0.4125,0.1812,0.2986,2.4513,1.8385,0.7745,-0.0339,0,0,0.6686,-0.1066,-0.0505,-0.0507,0.0228,0.0172,-0.9196,0.0263,-0.024,1594.6458,-0.0339,0.0546,0
E-DATA,0.2516,0.1786,0.2404,4.189,2.8223,0.3033,0.0328,0.1391,0,0.0268,-3.6983,-0.0791,1.2268,0.2027,0.0883,0.2786,0.1096,0.0262,-15.0243,0.0328,0.6894,0
2023-HEKTAŞ TİCARET,3.8306,3.1414,3.4448,0.9634,0.7078,0.2001,-0.0572,0,0.1502,0.7567,-0.248,-0.0388,-0.0756,0.1363,0.088,-0.5546,0.025,-0.0119,-7.331,-0.0572,0.081,0
2023-HİDROPAR,1.8324,1.4831,1.6887,1.211,0.5943,0.2069,0.0059,0.1029,0.0723,0.4384,-0.0088,-0.0014,0.0134,0.0011,0.2452,-5.9132,0.0002,0.0021,-4.9435,0.0059,0.0023,0
2023-HÜRRİYET GAZETE,0.4921,0.4899,0.2927,1.9986,1.9046,0.0077,-0.15,0.4283,0.2077,0.4657,-0.1607,-0.0501,-0.3221,-0.7084,0.2857,1.6609,-0.0759,-0.1005,-36.7416,-0.1361,-0.1988,0
2023-ICU GİRİŞİM,1.9066,0.1707,1.8855,0.9424,0.9424,0.9207,-0.1247,0,0,0,-16406.1198,-0.2187,-3219.4693,0,0,-0.2441,0.1758,-0.0429,-0.5939,-0.1247,-0.619,0
2023-İHLAS EV ALETLERİ,0.3209,0.2826,0.2114,4.1748,3.0813,0.1809,0.0737,0.2084,0.1757,0.0283,-0.2768,-0.0059,2.6,0.1125,0.0299,0.9234,0.0775,0.0558,18.5832,0.0737,0.2256,0
2023-İHLAS GAYRİMENKUL,0.2029,0.1602,0.1306,7.2179,5.9396,0.3274,-0.0233,0.0327,0.2312,0.0025,-5.9455,-0.0125,-9.215,0.017,0.1382,-5.2305,0.002,-0.0194,-9.534,-0.0233,-0.1494,0
2023-İHLAS HOLDİNG,0.935,0.8687,0.297,4.292,2.1062,0.2232,0.0198,0.0046,0.0074,0.2853,0.03,0.0044,0.0693,0.0522,0.0404,1.4377,0.0101,0.0102,-70.4398,0.0198,0.0353,0
2023-İHLAS YAYIN HOLDİİNG,0.2591,0.156,0.1303,4.2405,3.4754,0.7913,0.0167,0.0878,0.1375,0.1815,0.1194,0.0172,0.0922,0.0075,0.0244,8.8017,0.0022,0.0133,-17.3676,0.0167,0.0168,0
2023-İNDEKS BİLGİSAYAR,5.23,4.1636,5.2193,1.1751,0.9135,0.2043,0.2042,0,0.0001,0.0212,-3.641,-0.0124,9.6116,0.0375,0.0565,0.7906,0.0593,0.0328,-1.609,0.2042,4.3694,0
2023-INGRAM,4.9856,4.4106,4.4688,1.3048,1.0841,0.1287,0.0369,0.0001,0.0124,0.0404,-2.6579,-0.018,0.9121,0.0359,0.0242,0.4257,0.0313,0.0062,-1.8584,0.0369,1.2101,0
2023-IŞIK PLASTİK,0.5289,0.4914,0.4879,1.5059,1.071,0.077,0.1037,0.0114,0.0395,0.7414,-0.0622,-0.0301,0.1398,0.2156,0.0804,0.7331,0.1129,0.0678,-4.1834,0.1037,0.2217,0
2023-IŞIKLAR ENERJİ,0.4851,0.3645,0.3857,1.5558,0.8875,0.3125,0.0135,0.0188,0.0003,0.4598,-0.0267,-0.0083,0.0295,0.0808,0.1346,0.7012,0.0276,0.0091,-5.8155,0.0135,0.0465,0
2023-İZDEMİR ENERJİ,0.4924,0.475,0.48,0.9578,0.2131,0.0362,0.0546,0.035,0.3865,0.7274,-0.1098,-0.0535,0.0751,0.0908,0.0067,0.2918,0.0755,0.0366,93.3912,0.0546,0.1092,0
2023-İZMİR DEMİR,9.0813,8.7931,7.4297,0.6635,0.2291,0.0388,-0.7682,0.0017,0.0818,3.7618,-0.4479,-0.1671,-0.2042,0.1018,0.0068,-0.8722,0.0909,-0.0762,-0.2801,-0.7682,0.21,0
2023-İZMİR FIRÇA,1.1935,1.1571,1.0295,1.6706,1.167,0.0354,0.0567,0,0.0372,0.399,-0.0517,-0.0094,0.142,0.0691,0.0244,0.7772,0.0422,0.0258,-0.7752,0.0567,0.2187,0
2023-KAFEİN YAZILIM,0.4377,0.3885,0.3802,2.6708,2.5413,0.1296,0.1128,0.0003,0,0.0472,-0.3768,-0.0124,2.3889,0.1059,0.0686,0.8484,0.0817,0.0785,-1.6516,0.1128,0.1324,0
2023-KALESERAMİK,2.8668,2.6049,2.3932,1.0863,0.7051,0.1095,0.2735,0.0027,0.1037,0.6406,0.0277,0.0046,0.427,0.1054,0.097,1.0984,0.0466,0.0707,-1.2933,0.2735,0.1655,0
2023-KARTONSAN,0.3463,0.0771,0.2973,2.8411,1.5575,0.9056,-0.0025,0.0588,0.0015,0.3605,0.1389,0.0372,-0.007,-0.1602,0.1752,0.4527,-0.0679,-0.0019,-23.371,-0.0025,-0.0645,0
2023-KAYSERİ ŞEKER,0.544,0.4449,0.4586,1.4977,0.6804,0.2161,0.0837,0,0.0001,0.4558,0.0924,0.0273,0.1836,0.1706,0.0139,1.7687,0.0355,0.0542,-16.6739,0.0837,0.1217,0
2023-KEREVİTAŞ,2.0513,2.0422,1.7174,1.206,0.8139,0.0053,0.0096,0.4846,0.0176,0.7905,-0.1279,-0.0331,0.0122,0.0682,0.0459,0.1822,0.0405,0.0032,-12.3661,0.0096,0.2126,0
2023-KERVAN GIDA,1.7632,1.5541,1.6013,1.0505,0.697,0.1306,0.0502,0.0027,0.0207,0.8069,-0.3735,-0.1091,0.0622,0.2604,0.0125,0.2297,0.1416,0.0182,-2.4443,0.0502,0.3728,0
2023-KİLER HOLDİNG,0.5541,0.5303,0.479,1.6781,0.9977,0.0495,0.1745,0.0916,0.0056,0.0405,4.3299,0.1128,4.3085,0.1713,0.1367,12.8054,0.0096,0.1123,-1.3871,0.1745,6.5089,0
2023-KOLEKSİYON MOBİLYA,0.8623,0.7555,0.5621,1.0535,0.7042,0.1899,0.1306,0.0011,0,0.7376,-0.0421,-0.0167,0.177,0.2996,0.0284,0.835,0.101,0.0701,0.5978,0.1306,0.1497,0
2023-KONFRUT,2.3073,2.2975,2.0391,1.3607,0.7983,0.0048,0.1721,0.4637,0.0733,0.4743,-0.353,-0.0506,0.3629,0.1975,0.0632,0.5648,0.1163,0.052,-20.9916,0.1721,0.727,0
2023-KONTROLMATİK,2.8388,2.6054,1.4697,1.3494,1.11,0.1588,0.2205,0.0493,0.0151,1.048,-0.0053,-0.0014,0.2104,0.1802,0.2435,0.9499,0.0286,0.0574,-0.2408,0.2205,0.0866,0
2023-KORAY GAYRİMENKUL,16.9484,16.166,3.2133,0.642,0.6419,0.2435,0.1257,0.0004,0.0029,0.0722,0.8903,0.0036,1.7422,0.0513,0.592,1.777,0.0046,0.007,-1.2979,0.1257,0.0067,0
2023-KORTEKS MENKUL,1.7967,1.7843,1.4348,1.388,1.2725,0.0086,0.1248,0.3057,0.1076,0.6627,0.1884,0.0446,0.1883,-0.0176,0.1733,-16.2419,-0.0026,0.0446,-1.1455,0.1248,-0.0222,0
2023-KRON TEKNOLOJİ,1.0752,0.8753,0.7758,1.4792,1.4548,0.2577,0.1575,0,0,0.0221,-1.1529,-0.0123,7.1259,0.3149,0.0759,0.8624,0.0892,0.0759,-1.886,0.1575,0.2053,0
2023-KÜTAHYA PORSELEN,1.259,1.2361,1.0896,1.4257,0.8197,0.021,0.0872,0.0709,0.0796,0.5264,-0.0775,-0.0181,0.1657,0.1258,0.2707,0.7225,0.0651,0.0386,-9.2934,0.0872,0.2084,0
2023-KUVVA GIDA,19.6742,19.5002,17.172,0.0875,0.0638,0.0101,-0.525,0.1792,0.0353,4.3946,-0.0447,-0.0095,-0.1195,-0.5175,0.1289,1.5262,-0.018,-0.0254,-0.993,-0.525,-0.0195,0
2023-KUYAŞ YATIRIM,0.2617,0.2184,0.086,3.0524,2.9227,0.5029,0.138,0,0.6924,0.298,0.4199,0.0992,0.4631,0.2563,0.2222,4.9049,0.0254,0.1094,-1.5003,0.138,0.16,0
2023-LOKMAN HEKİM,2.08,1.9578,1.2929,0.796,0.6473,0.0945,0.1498,0.0347,0.066,0.898,-0.0976,-0.0285,0.1668,0.1204,0.0299,0.5552,0.064,0.0486,-3.3967,0.1498,0.0965,0
2023-LÜKS KADİFE,0.9803,0.8362,0.5943,1.2789,0.9889,0.2424,0.0016,0.2609,0,0.6416,-0.1673,-0.0542,0.0024,0.2836,0.0453,0.043,0.0566,0.0008,-29.8558,0.0016,0.1022,0
2023-MARGÜN ENERJİ,0.4382,0.4257,0.1589,1.0404,1.0381,0.0786,0.0777,0,0,0.9637,0.0754,0.0505,0.0806,0.6136,0.314,4.9121,0.0129,0.054,0.0656,0.0777,0.0795,0
2023-MARKA MAĞAZACILIK,2.0632,1.4346,1.0353,1.79,1.2048,0.6071,0.1322,0.0004,0.1308,0.2833,0.022,0.002,0.4669,0.0918,0.13,1.057,0.0356,0.0432,-0.4562,0.1322,0.1126,0
2023-MARKA YATIRIM,1.9734,1.886,1.8424,1.2137,1.1183,0.0474,0.014,0.0308,0,0.0947,0.1464,0.0047,0.1477,-0.0382,0.0025,0.1845,-0.0057,0.0047,11.6439,0.014,0.014,0
2023-MAVİ GİYİM,1.5438,0.7623,1.4174,1.3772,0.8524,0.5514,0.2831,0,0.1496,0.012,-2.7469,-0.0129,23.633,0.1794,0.0006,0.9123,0.1474,0.1113,0.2244,0.2831,0.64,0
2023-MEGA POLİETİ,2.8405,2.7694,2.7437,1.223,0.8283,0.0259,0.1885,0,0,0.4512,-0.216,-0.0254,0.4178,0.15,0.0894,0.6129,0.0656,0.0491,0.2798,0.1885,0.4959,0
2023-MEKSA YATIRIM,3.6427,2.3003,3.6208,1.2294,1.2294,0.3707,0.2749,0.001,0.1347,0.0363,0.2614,0.002,7.5758,0.4153,0.0307,1.0263,0.0776,0.0592,-1.313,0.2749,1.8822,0
2023-MEPET METRO,0.5063,0.4684,0.4008,0.3016,0.2279,0.0944,0.0533,0.7214,0.008,1.3375,-0.0029,-0.0026,0.0398,0.0565,0.0025,0.9425,0.0454,0.0354,1.7896,0.0533,0.0493,0
2023-MERCAN KİMYA,0.8152,0.7628,0.7576,1.6083,1.0439,0.0691,0.0893,0,0,0.2922,0.1239,0.0199,0.3056,0.077,0.0701,1.4826,0.0413,0.0492,-5.1574,0.0893,0.2064,0
2023-MOBİLTEL İLETİŞİM,0.4615,0.4268,0.2917,1.2465,0.9819,0.1192,0.0375,0.0377,0.1264,0.0121,-0.6436,-0.0053,3.1013,0.0763,0.0144,0.8549,0.0367,0.0256,-14.259,0.0375,0.0489,0
2023-MONDİ TURKEY,1.7033,1.6331,1.578,1.2164,0.9047,0.0445,-0.0437,0,0.3805,0.5138,-0.0525,-0.01,-0.0851,0.005,0.1198,-1.7251,0.0037,-0.0162,-11.4623,-0.0437,0.0175,0
2023-NASMED,0.6242,0.5113,0.2845,1.305,1.305,0.3969,0.0322,0.202,0.0848,0.9699,0.0096,0.0057,0.0332,0.0322,0.1592,1.4584,0.0125,0.0198,17.3508,0.0322,0.0163,0
2023-NATUREL YENİLENEBİLİR,0.5267,0.5108,0.242,0.9501,0.9407,0.066,0.0724,0,0.0762,0.9621,0.0849,0.0535,0.0752,-0.0032,0.4532,-416.4776,-0.0001,0.0474,-1.2471,0.0724,0.0657,0
2023-NET HOLDİNG,0.6969,0.6032,0.2821,0.4952,0.4534,0.3323,-0.0265,0.015,0,0.9839,-0.0831,-0.0482,-0.027,0.3209,0.1546,-0.4454,0.0334,-0.0156,-46.8788,-0.0265,0.0395,0
2023-NETAŞ TELEKOM,358.071,330.2726,345.1323,0.7649,0.6428,0.0805,0.1087,0.0226,0.52,7.1065,0.3378,0.0067,0.0153,-0.0252,0.0253,0.5074,-0.0136,0.0003,21.0334,0.1087,-0.0516,0
2023-NUH ÇİMENTO,0.4784,0.2828,0.3884,1.7893,1.5088,0.5035,0.2043,0.0021,0,0.2586,-0.0469,-0.0082,0.7901,0.289,0.0173,0.9504,0.1654,0.1382,-1.6026,0.2043,0.3277,0
2023-NUROL HOLDİNG,3.0047,2.5036,2.0312,0.9154,0.7556,0.2467,0.1428,0.0172,0,0.5718,0.0718,0.0103,0.2498,0.2859,0.0918,1.3257,0.0315,0.0357,-1.4524,0.1428,0.2045,0
2023-NUROL İNŞAAT,1.5806,1.4954,0.4771,1.1257,0.886,0.1786,0.3259,0.0025,0.0425,0.0396,6.3635,0.0976,8.2373,0.0947,0.0222,8.1606,0.0136,0.1263,0.4051,0.3259,0.2763,0
2023-OBASE BİLGİSAYAR,0.5005,0.0932,0.4257,1.9564,1.9535,0.9569,0.0705,0,0,0.0223,2.9574,0.0439,3.1662,0.007,0.047,19.0015,0.0024,0.047,27.571,0.0705,0.0201,0
2023-ODAŞ ELEKTRİK,1.3482,1.278,0.7892,1.0201,0.8088,0.0891,0.1714,0.006,0.0019,1.3009,0.0375,0.0207,0.1318,0.2155,0.0427,1.4052,0.0512,0.073,-18.0959,0.1714,0.1269,0
2023-OFİS YEM,2.5791,2.4841,2.2634,1.4172,1.212,0.042,0.2411,0.123,0.1416,0.3445,-0.1113,-0.0107,0.7,0.0658,0.0148,0.8929,0.1001,0.0674,-5.5108,0.2411,1.2645,0
2023-ORGE ENERJİ,0.6413,0.5686,0.46,2.9633,2.6571,0.1579,0.253,0,0,0.0056,8.5621,0.0294,44.9347,0.4221,0.1012,1.1853,0.1585,0.1542,-0.9823,0.253,1.1592,0
2023-OYAK ÇİMENTO,0.4868,0.3134,0.4335,2.153,1.6683,0.4001,0.2808,0.1038,0.1878,0.2827,0.0965,0.0184,0.9933,0.2962,0.0662,1.1045,0.1757,0.1889,-2.3099,0.2808,0.4993,0
2023-ÖZAK GAYRİMENKUL,0.0888,0.0791,0.0506,4.579,3.8381,0.1911,0.3218,0.3992,0.1394,0.0023,15.799,0.033,141.451,12.123,0.0749,1.1257,0.2625,0.2955,-1.1468,0.3218,0.3381,0
2023-ÖZERDEN AMBALAJ,0.6984,0.3142,0.5324,2.1942,1.5322,0.7217,0.4787,0,0,0.3847,0.109,0.0247,1.2444,0.3017,0.0201,1.076,0.3249,0.2818,1.3257,0.4787,1.0462,0
2023-ÖZSU BALIK,2.0361,1.9531,1.8634,1.3523,1.3094,0.0445,0.0767,0.0887,0.189,0.188,-0.6391,-0.0396,0.4081,0.1077,0.1096,0.3932,0.0652,0.0253,-3.008,0.0767,0.387,0
2023-PAMEL YENİLENEBİLİR,0.3549,0.2207,0.0708,2.1089,2.1089,1.8953,0.1326,0,0,1.1929,-0.0339,-0.0299,0.1111,5.1055,0.0024,0.7886,0.1413,0.0978,-0.8243,0.1326,0.1588,0
2023-PAPİLON SAVUNMA,0.1359,-0.1153,0.0496,20.5014,18.9305,5.0665,0.386,0,0,0.0042,113.1081,0.4135,92.9472,0.1279,0.1216,43.5603,0.0097,0.3398,3.0517,0.386,3.4694,0
2023-PARK ELEKTRİK,0.3029,0.281,0.2153,1.1343,1.0701,0.102,0.2862,0.2902,0.0074,0.1724,1.9615,0.2595,1.6605,0.1265,0.2253,44.2784,0.006,0.2197,1.2453,0.2862,0.1961,0
2023-PARSAN MAKİNA,0.7625,0.7427,0.4907,0.5745,0.2808,0.0404,0.0101,0.007,0.5591,1.2222,0.015,0.0104,0.0082,0.0891,0.0297,1.6396,0.0163,0.0057,-2.1078,0.0101,0.0504,0
2023-PC İLETİŞİM,2.9119,2.2332,2.7978,1.1109,1.1109,0.2426,0.415,0.0026,0.0297,0.0112,18.688,0.0534,37.1554,0.0847,0.0105,1.7323,0.0729,0.1061,1.6768,0.415,0.579,0
2023-PEKER GAYRİMENKUL,0.1196,-0.0791,0.1185,2.7827,2.5499,1.677,0.1395,0,0,0.0057,-0.3965,-0.002,24.3601,0.4846,0.0005,0.984,0.1267,0.1246,2.4977,0.1395,0.1795,0
2023-PENGUEN GIDA,0.4896,0.4694,0.3933,1.1761,0.4334,0.0514,-0.0107,0,0,0.9684,-0.0309,-0.0201,-0.011,0.1307,0.024,-0.3152,0.0153,-0.0072,-300.3662,-0.0107,0.0222,0
2023-QUA GRANİT,1.4501,1.3173,1.3008,1.3995,1.1615,0.1021,0.1382,0.2304,0.1633,0.5837,-0.1058,-0.0252,0.2367,0.2746,0.1035,0.6584,0.0738,0.0564,-50.2641,0.1382,0.4136,0
2023-SEKURO PLASTİK,2.1591,2.0981,1.1378,1.1378,0.5948,0.0535,0.0072,0,0,1.8512,-0.042,-0.0246,0.0039,0.2085,0.0477,0.5771,0.0582,0.0023,-2.5507,0.0072,0.0991,0
2023-SELVA GIDA,1.0363,0.9846,0.8032,0.8683,0.3796,0.0644,0.0384,0.0002,0.025,0.6576,-0.0219,-0.0071,0.0584,0.0526,0.0588,0.7283,0.0261,0.0189,-26.45,0.0384,0.0418,0
2023-SERVET GAYRİ,2.0485,2.0479,0.3689,0.406,0.406,0.0015,-0.4214,0.0406,0.2363,0.0024,-186.069,-0.1483,-173.4526,0.8827,0.0999,-13.7482,0.0101,-0.1382,-0.2853,-0.4214,0.0106,0
2023-SİNPAŞ GAYRİ,0.8407,0.8347,0.2166,1.7204,0.8248,0.0276,0.0011,0.3832,0.0062,0.0018,-4.0431,-0.0041,0.5768,0.1419,0.19,0.1248,0.0046,0.0006,-93.9751,0.0011,0.049,0
2023-SMART GÜNEŞ,6.4481,5.71,4.6737,1.255,0.9442,0.1579,0.4324,0.067,0.0409,0.4229,-0.2876,-0.0163,1.0224,0.2691,0.1565,0.7778,0.0735,0.0581,0.8777,0.4324,0.3858,0
2023-SMARTİKS YAZILIM,0.3631,0.3473,0.3156,1.3875,1.2915,0.0501,0.1823,0,0,0.0082,-1.8447,-0.0112,22.116,0.4296,0.1489,0.9255,0.1498,0.1338,-228.2778,0.1823,0.2207,0
2023-ŞOK MARKET,4.8551,4.247,3.9359,0.8657,0.1922,0.1545,0.3206,0.8618,0.0496,0.914,-0.2092,-0.0327,0.3507,0.0458,0.0082,0.6297,0.0882,0.0548,-2.1927,0.3206,0.2155,0
2023-SÖKE DEĞİRMEN,0.2496,0.0439,0.1995,3.7787,2.9122,1.031,0.1086,0.5133,0.3518,0.4668,0.0489,0.0183,0.2326,0.0742,0.0188,1.2605,0.0702,0.0869,0.0204,0.1086,0.1947,0
2023-SUN TEKSTİL,0.8578,0.5901,0.7391,1.7475,1.2102,0.3623,0.1361,0.1459,0.0001,0.3116,0.0656,0.011,0.4369,0.1349,0.1607,1.1271,0.0865,0.0733,-6.3609,0.1361,0.3462,0
2023-TACİRLER YATIRIM,2.3527,1.5428,2.3286,1.3059,1.3059,0.3478,0.2142,0.0094,0.0003,0.0355,-3.5594,-0.0377,6.0345,0.0053,0.0004,0.6601,0.1109,0.0639,-5.1955,0.2142,1.1922,0
2023-TAPDİ OKSİJEN,0.2862,0.0303,0.2182,2.5721,2.42,1.173,0.1187,0.0501,0.0222,0.6395,0.093,0.0462,0.1856,0.2423,0.0412,1.8655,0.0534,0.0923,-3.9541,0.1187,0.1036,0
2023-TATLIPINAR ENERJİ,1.4868,1.432,0.1926,1.2162,1.2162,0.2845,0.0112,0,0,1.6285,-0.0215,-0.0141,0.0069,0.2962,0.5672,0.4409,0.0252,0.0045,-2.7045,0.0112,0.0273,0
2023-TEMAPOL POLİMER,2.0448,1.8408,1.1727,1.5483,1.1292,0.174,0.1308,0.1629,0,0.8217,-0.0342,-0.0092,0.1592,0.2463,0.0618,0.8256,0.0529,0.043,-4.4082,0.1308,0.2463,0
2023-TORUNLAR GAYRMENKUL,0.1902,0.1271,0.0666,1.7138,1.5159,0.9479,0.0349,0,0.4057,0.0438,-0.0301,-0.0011,0.7972,0.7254,0.0028,0.9636,0.0305,0.0293,117.689,0.0349,0.0362,0
2023-TUKAŞ GIDA,0.6853,0.4417,0.632,1.7702,1.2663,0.3854,0.1888,0,0,0.4722,0.0417,0.0117,0.3999,0.2171,0.094,1.1257,0.093,0.112,-1.283,0.1888,0.3508,0
2023-TÜMOSAN MOTOR,1.1918,1.1451,1.1222,1.5003,0.7657,0.0416,0.1949,0.5082,0.1616,0.4724,-0.0658,-0.0142,0.4125,0.2256,0.0331,0.8854,0.1237,0.0889,14.2928,0.1949,0.5031,0
2023-TUREKS TURİZM,0.8263,0.6914,0.6067,1.0655,1.0025,0.2224,0.1621,0.0949,0.1503,1.081,-0.0308,-0.0182,0.1499,0.1866,0.0065,0.8793,0.1511,0.0887,0.1334,0.1621,0.2333,0
2023-TÜRK TUBORG,1.3205,0.8291,1.2867,1.2766,0.9355,0.3819,0.2208,0,0,0.4572,0.0293,0.0058,0.4829,0.2631,0.0368,1.0508,0.1135,0.0951,-2.0621,0.2208,0.464,0
2023-TURKCELL İLETİŞİM,2.6278,1.6946,1.104,1.675,1.6738,0.8453,0.1592,0.0212,0.0339,0.7013,-0.3941,-0.0762,0.2271,0.4673,0.0087,0.4101,0.1291,0.0439,-2.2761,0.1592,0.3079,0
2023-ÜLKER BİSKÜVİ,4.2002,3.1864,1.3812,2.4386,1.8893,0.7339,-0.0275,0.5303,0.2579,0.8619,-0.7365,-0.1221,-0.0319,0.2586,0.0142,-0.0805,0.113,-0.0053,13.6062,-0.0275,0.5427,0
2023-ULUSOY ELEKTRİK,7.306,7.0306,5.7042,1.1521,0.7955,0.0483,-0.2584,0.6308,0.5011,0.5504,-1.492,-0.0989,-0.4696,0.108,0.2079,-0.3845,0.0714,-0.0311,-11.884,-0.2584,0.342,0
2023-ULUSOY UN SANAYİ,2.6409,2.2804,2.2472,1.1948,0.9374,0.1604,0.0571,0.0001,0.0006,0.7261,-0.1785,-0.0356,0.0786,0.0588,0.0587,0.3665,0.0562,0.0157,-4.2862,0.0571,0.2472,0
2023-ÜNLÜ YATIRIM,1.0441,0.1393,0.9757,1.8235,1.8235,0.9274,0.2127,0.0202,0,0.0203,6.6604,0.0661,10.4867,0,0,2.1321,0.0584,0.1041,-1.9161,0.2127,0.8505,0
2023-VERUSA HOLDİNG,0.1063,-0.1702,0.0547,11.1465,10.5727,5.0531,0.1391,0,0,0.3643,0.042,0.0138,0.3818,1.5811,0.0253,1.1167,0.1184,0.1257,-1.9356,0.1391,0.3059,0
AFYON ÇİMENTO,0.1176,0.0481,0.1081,2.4321,1.6415,0.6423,0.0307,0,0.3302,0.7806,-0.0057,-0.004,0.0393,0.2485,0.0121,0.9296,0.057,0.0274,-53.7005,0.0307,0.0745,0
AKSA ENERJİ ,0.7387,0.7071,0.4293,0.8727,0.7611,0.0737,0.0542,0.0927,0.0411,1.1475,0.0156,0.0103,0.0472,0.1715,0.0039,1.3342,0.0309,0.0312,-21.7889,0.0542,0.0399,0
ALARKO HOLDİNG,0.442,0.3685,0.3265,1.0542,0.9613,0.2248,-0.023,0.02,0.0066,0.2004,-0.1353,-0.0188,-0.1147,0.086,0.2733,-3.0882,0.0046,-0.0159,-3.8561,-0.023,0.0117,0
ASELSAN ELEKTRİK,0.6379,0.6209,0.515,1.4361,0.7888,0.0329,0.0322,0.4637,0.2191,0.2647,-0.343,-0.0554,0.1216,0.2608,0.1816,-0.1042,0.0502,0.0197,-45.3513,0.0322,0.092,0
AYDEM YENİLENEBİLİR,0.7792,0.704,0.1126,1.5287,1.5228,0.6676,0.0766,0.943,0.0426,1.5368,0.0107,0.0093,0.0498,0.4227,0.0005,1.4294,0.0216,0.043,121.7718,0.0766,0.0186,0
AZTEK TEKNOLOJİ,1.4498,0.8365,1.3899,1.6588,1.1867,0.4412,0.0435,0.0004,0.046,0.0539,-3.4789,-0.0766,0.8076,0.1336,0.0001,0.3195,0.1125,0.0178,12.9777,0.0435,1.869,0
BAK AMBALAJ,0.9665,0.8618,0.63,1.4058,0.896,0.1662,-0.0458,0.0036,0.4686,1.0409,-0.0116,-0.0061,-0.044,0.0011,-0.0306,-11.5719,0.0005,-0.0233,152.551,-0.0458,0.001,0
BAŞTAŞ BAŞKENT,0.3932,0.3397,0.3752,1.4224,1.0072,0.1427,-0.0934,0.152,0.1945,0.7871,-0.0902,-0.051,-0.1187,-0.0095,0.0188,11.5399,-0.0048,-0.0671,84.4305,-0.0934,-0.0047,0
BATISÖKE SÖKE,0.7679,0.765,0.3528,0.8867,0.4826,0.0082,0.0659,0.7487,0.1052,1.4315,0.0356,0.0288,0.046,-0.0306,0.0432,-3.7879,-0.006,0.0373,39.0561,0.0659,-0.0073,0
BAYDÖNER RESTORANT,0.5667,0.1678,0.3256,1.9928,1.6842,1.2253,-0.0673,0.0367,0,0.4676,0.0096,0.0029,-0.1439,-0.0154,0.0186,0.7269,-0.0105,-0.0429,-144.1688,-0.0673,-0.0172,0
BİRLEŞİM MÜHENDİSLİK,3.1939,3.0319,3.095,1.1911,1.0737,0.0524,0.0963,0.0018,0.0197,0.4204,-0.2998,-0.0301,0.229,0.1268,0.1469,0.5315,0.0641,0.023,-120.2269,0.0963,0.5542,0
BİZİM TOPTAN,0.1095,3.0319,3.095,1.1911,1.0737,0.0524,0.0963,0.0018,0.0197,0.4204,-0.2998,-0.0301,0.229,0.1268,0.1469,0.5315,0.0641,0.023,-120.2269,0.0963,0.5542,0
BORUSAN BİRLEŞİK,1.0425,0.9757,0.811,1.3271,0.5357,0.0824,0.0225,0.0019,0.0207,0.8351,-0.038,-0.0155,0.0269,0.0638,0.002,0.5221,0.0325,0.011,-6.2,0.0225,0.0733,0
BOSCH FREN,3.4184,3.1427,1.5028,1.7518,1.3405,0.1835,0.1713,0.0645,0.6125,1.2787,-0.0579,-0.0168,0.134,0.0722,0.0661,0.7858,0.0783,0.0388,16.5751,0.1713,0.1936,0
BRİSA BRIDGE,1.3543,0.984,1.0142,1.2141,0.9087,0.3652,0.0456,0.0967,0.4279,0.9662,-0.012,-0.0049,0.0472,0.0832,0.0982,0.848,0.0324,0.0194,-20.4345,0.0456,0.0792,0
BÜYÜK ŞEFLER,0.9887,0.753,0.6149,1.0264,0.8853,0.3833,0.0849,0,0,0.6844,0.1087,0.0374,0.124,0.0399,0.0215,2.281,0.0292,0.0427,-4.6877,0.0849,0.0663,0
CARREFOURSA,3.5361,3.2571,2.9808,0.6651,0.2286,0.0936,-0.1886,0.08,0.0146,0.6785,0.3991,0.0597,-0.278,-0.096,0.0733,0.4592,-0.1104,-0.0416,39.1205,-0.1886,-0.1961,0
ÇATES ELEKTRİK,0.1779,0.1718,0.0368,2.2248,1.0025,0.1666,-0.0139,0.4061,0.0784,1.0414,0.0086,0.0076,-0.0133,-0.0939,0.0041,0.5397,-0.0165,-0.0118,33.4594,-0.0139,-0.0177,0
ÇELEBİ HAVE,1.9645,1.5427,0.9734,1.153,1.1246,0.4334,0.2269,0.0002,0.0801,0.4872,-0.0126,-0.0021,0.4657,0.2055,0.0175,0.9801,0.1037,0.0765,-2.3182,0.2276,0.1683,0
ÇELİK MOTOR,3.0961,2.2339,3.0304,1.2344,0.6849,0.2845,0.0554,0.0004,0.0035,0.1044,-1.0845,-0.0276,0.5309,0.0351,0.0031,0.5384,0.0599,0.0135,-8.6575,0.0554,0.7134,0
ÇİMBETON,3.4574,3.4221,3.1522,0.793,0.7613,0.0112,-0.0351,0.0023,0.6444,0.9337,0.2104,0.0441,-0.0376,-0.0431,0.0191,-0.0134,-0.0435,-0.0079,-52.5552,-0.0351,-0.0356,0
DÖKTAŞ DÖKÜM,1.8787,1.8489,1.0765,0.8655,0.3876,0.0276,-0.048,0.0006,0.0828,1.8249,-0.0498,-0.0315,-0.0263,0.0612,0.015,-0.0764,0.0293,-0.0167,-14.1238,-0.048,0.0414,0
DYO BOYA,1.786,1.7591,1.2525,0.9042,0.5676,0.0215,0.0218,0.0264,0.2576,1.0158,0.0003,0.0001,0.0214,0.0312,0.0405,1.0082,0.0121,0.0078,-56.3351,0.0218,0.0047,0
EGE ENDÜSTRİ,0.4316,0.3063,0.1991,3.1074,2.1809,0.6294,0.0883,0.2941,0.0025,0.4477,-0.0064,-0.002,0.1973,0.2437,0.1165,0.9717,0.0712,0.0617,-5.8792,0.0883,0.1776,0
EGE PROFİL,0.9956,0.9382,0.8589,1.1548,0.894,0.0668,0.0892,0.0946,0.0247,0.9465,-0.0508,-0.0241,0.0942,0.1805,0.0359,0.7344,0.0907,0.0447,14.799,0.0892,0.197,0
EKER SÜT ÜRÜNLERİ,1.193,1.1208,0.7801,1.2475,0.9829,0.0925,0.1355,0.0183,0.0211,1.1203,0.0091,0.0047,0.1209,0.0629,0.0079,1.1093,0.0427,0.0618,-5.0371,0.1355,0.1051,0
ESCAR FİLO,0.6057,0.4607,0.2955,1.8203,1.7093,0.4905,0.0868,0,0,1.0597,0.0617,0.0407,0.0819,0.0907,0.0381,4.1984,0.0127,0.054,-34.2706,0.0868,0.0419,0
GAP İNŞAAT,1.809,1.6847,1.0134,1.397,0.9237,0.1227,0.0614,0.1878,0.0263,0.0372,-0.7179,-0.0095,1.65,0.1348,0.0196,0.6447,0.0267,0.0218,0.4192,0.0614,0.0539,0
HEDEF ARAÇ,1.4006,1.3216,0.7377,0.8707,0.8038,0.1071,0.024,0.8336,0.0039,1.7497,-0.0083,-0.0061,0.0137,0.1047,0.0577,0.7371,0.0231,0.01,96.4979,0.0558,0.0315,0
İZMİR DEMİR,1.0259,0.9163,0.857,0.6967,0.2834,0.1279,-0.1156,0.0001,0.0245,1.386,-0.0503,-0.0344,-0.0834,-0.071,0.0004,2.0824,-0.0318,-0.0571,0.0492,-0.1239,-0.0367,0
KAFEİN YAZILIM,0.2946,-0.039,0.2626,3.0346,2.2383,1.2701,0.1021,0,0.0001,0.0424,1.8064,0.0592,2.4047,0.069,0.0348,2.5409,0.0384,0.0788,-2.0135,0.1021,0.374,0
KALE SERAMİK ÇAN.,0.9305,0.655,0.8024,1.37,0.7695,0.3433,-0.1592,0.0143,0.0992,0.6438,-0.0623,-0.0208,-0.2473,-0.1623,0.0802,1.4383,-0.0474,-0.0825,-148.0721,-0.1592,-0.1124,0
KENT GIDA,0.797,0.7222,0.7239,1.3502,0.9932,0.1033,-0.0209,0.0764,0.1261,0.766,-0.0439,-0.0187,-0.0273,0.0057,0.0294,-4.2947,0.0035,-0.0117,59.8793,-0.0209,0.0078,0
KOÇ HOLDİNG,3.5124,3.1501,3.0231,0.9145,0.8425,0.1198,-0.0019,0.0797,0.0619,0.4566,0.1109,0.0112,-0.0041,-0.0343,0.0038,-0.6656,-0.0067,-0.0004,-17.9157,-0.0019,0.0379,0
KONYA ÇİMENTO,0.5951,0.528,0.5615,1.2295,0.6301,0.1196,-0.079,0.0195,0.3456,0.7827,-0.0939,-0.0461,-0.1009,0.0056,0.0117,-15.8689,0.0027,-0.0495,156.9768,-0.079,0.0106,0
MAKİNA TAKIM,0.9105,0.9104,0.7208,1.7836,1.3399,0.0001,-0.0231,0.0009,0.018,0.5042,-0.2184,-0.0577,-0.0457,0.2452,0.0079,0.0046,0.0579,-0.0121,3.0237,-0.0231,0.2656,0
MARMARİS ALTIN,0.1708,-0.185,0.0245,14.7568,14.7567,14.5071,-0.0422,0,0.026,0.6806,-0.0574,-0.0334,-0.062,-0.4177,0.1216,13.6216,-0.0026,-0.036,1.7842,-0.0422,-0.0029,0
NUROL GAYRİM,0.2131,0.1877,0.2124,1.3274,0.5871,0.1197,0.0353,0,0.0014,0.0178,1.0808,0.0159,1.9815,0.1008,0.0507,2.1999,0.0132,0.0291,75.2262,0.0353,0.0184,0
OPET PETROL,1.8603,1.4907,1.6036,1.0381,0.7632,0.2305,0.033,0.0377,0.4216,0.5651,0.1484,0.0293,0.0583,-0.0028,0.0171,-3.33,-0.0068,0.0115,-162.7971,0.033,-0.0137,0
OYAK ÇİMENTO,0.2398,0.0583,0.1801,2.9456,2.1198,1.0072,0.0822,0.0709,0.1081,0.4882,0.0001,0,0.1685,0.2389,0.0166,1.0003,0.097,0.0663,-143.0949,0.0822,0.1756,0
PARSAN MAKİNA,0.5626,0.5516,0.3659,0.5029,0.2047,0.0302,0.0063,0,0.5807,1.0182,-0.0164,-0.0107,0.0062,0.0124,0.0174,-4.4087,0.002,0.004,-13.0677,0.0063,0.008,0
PEGASUS,2.9992,2.4824,0.8859,1.1048,1.0838,0.5833,0.0083,0,0.0025,0.2311,-0.3052,-0.0176,0.036,0.0896,0.0014,-0.0686,0.0165,0.0021,-2.9665,0.0083,0.0266,0
PENTA TEKNOLOJİ,1.8771,1.7718,1.8429,1.4983,0.9552,0.0572,0.0286,0.0009,0.0019,0.0247,-2.5776,-0.0222,1.1576,0.0274,0.0089,0.3702,0.0352,0.0099,-1.7048,0.0286,0.9553,0
PINAR SU,0.7666,0.726,0.5799,0.6319,0.4425,0.07,-0.0039,0.0641,0.0658,1.28,0.0444,0.0322,-0.0031,-0.1068,0.0294,-0.0104,-0.0319,-0.0022,112.3948,-0.0039,-0.04,0
SETUR SERVİS,1.7479,1.2708,1.4767,1.1202,0.9468,0.3231,0.0581,0.2123,0.0778,0.4296,-0.1945,-0.0304,0.1352,0.0778,0.0206,0.4156,0.052,0.0211,-8.5761,0.0581,0.1333,0
ŞOK MARKET,1.7655,1.4448,1.4008,0.9373,0.3146,0.2289,0.0065,0.9438,0.0286,0.5138,0.3587,0.0666,0.0127,-0.0495,0.0025,-0.1143,-0.0598,0.0024,-12.7331,0.0065,-0.0911,0
TAB GIDA,0.6005,0.2143,0.3519,1.713,1.631,1.0975,0.0706,0.4756,0.7129,0.5488,0.0151,0.0052,0.1287,0.0855,0.0157,1.0916,0.0565,0.0441,-7.9809,0.0706,0.1527,0
TAT GIDA,1.5517,1.384,1.3362,1.3259,0.7455,0.1255,-0.1568,0.0701,0.0028,0.6753,-0.1501,-0.0397,-0.2322,-0.0364,0.0287,3.3665,-0.0168,-0.0614,-1726.4674,-0.1568,-0.0513,0
TİRYAKİ ARGO,2.5803,2.4031,2.3163,1.2134,0.7617,0.0765,-0.0033,0.5268,0.0001,0.6234,-0.2208,-0.0384,-0.0052,0.0589,0.0093,-0.017,0.0378,-0.0009,-4.3602,-0.0033,0.1718,0
TÜPRAŞ,0.7771,0.4037,0.7497,1.2009,0.8313,0.4981,0.0235,0.2291,0.0094,0.7079,-0.0231,-0.0092,0.0332,0.0402,0.0299,0.7414,0.0356,0.0132,391.2704,0.0235,0.0737,0
THY,1.2121,1.1526,0.5945,0.941,0.8916,0.1001,0.0669,0.0432,0.1772,0.3851,0.0581,0.0101,0.1737,0.0615,0.0065,1.6141,0.0165,0.0302,-3.8393,0.0669,0.0485,0
TÜRK TRAKTÖR,1.0679,0.7225,0.9261,1.5044,0.8491,0.3729,0.2372,0.2418,0.0694,0.407,0.005,0.001,0.5829,0.1539,0.0465,1.0064,0.1549,0.1147,-4.2862,0.2372,0.4753,0
TÜRKİYE ŞİŞE,0.9067,0.5611,0.3251,2.376,1.7588,1.063,0.026,0.0012,0.0335,0.7445,0.0315,0.0123,0.0349,-0.0019,0.0464,-26.4335,-0.0004,0.0136,81.0669,0.026,0.0025,0
ULUSOY ELEKTRİK,4.7259,4.3193,3.2804,1.0645,0.5888,0.124,-0.0407,0.7302,0.5169,1.0396,0.0472,0.0086,-0.0392,-0.0613,0.0619,0.725,-0.0311,-0.0071,76.9895,-0.0407,-0.0798,0
VAKIF GAYRİMENKUL,0.1373,0.1087,0.1302,2.4043,0.8943,0.2196,0.136,0,0.0031,0.0007,-41.6833,-0.0264,188.5088,0.6288,0.1277,0.8189,0.1461,0.1196,-3.866,0.136,0.2015,0
VDF FİLO KİRALAMA,0.7809,0.7752,0.6199,0.2153,0.1364,0.0092,-0.1613,0.0606,0.6583,1.6388,-0.0461,-0.0424,-0.0984,-0.2216,0.0004,1.624,-0.0679,-0.0906,8.2686,-0.1613,-0.0734,0
VERUSA HOLDİNG,0.1387,0.1354,0.1282,5.2169,5.017,0.0258,0.0932,0,0,0.3375,-0.0032,-0.001,0.2763,1.5173,0.0373,0.9897,0.0932,0.0819,-2.2483,0.0932,0.2297,0
VİKİNG KAĞIT,10.3799,10.2541,8.4964,0.2349,0.1376,0.0148,-0.7088,0.4189,0.5533,9.2334,-0.0063,-0.0051,-0.0768,-0.2957,0.0873,1.0869,-0.0586,-0.0623,-255.2675,-0.7088,-0.071,0
YÜNSA YÜNLÜ,0.4078,0.3327,0.2937,1.7622,0.8956,0.2558,0.0024,0,0,0.8436,0.0286,0.0171,0.0028,-0.0419,0.0725,-1.145,-0.008,0.0017,122.0729,0.0024,-0.0102,0
ZORLU ENERJİ,0.98,0.95,0.45,0.58,0.55,0.05,0.05,0.15,0.06,0.92,-0.03,-0.01,0.05,0.04,0.12,-2.18,0,0.02,74.73,0.01,0.05,0
2022 YEO TEKNOLOJİ ENERJİ VE ENDÜSTRİ A.Ş.,2.83,1.96,2.53,1.35,1.32,0.34,0.2,0.08,0,0.35,-0.17,-0.02,0.57,0.15,-0.06,0.8,0.08,0.05,-0.07,0.2,0.9,0
2022 YATAŞ YATAK VE YORGAN SANAYİ VE TİCARET A.Ş.,1.69,1.54,1.4,1.34,0.67,0.11,0.17,0,0,0.63,-0.08,-0.02,0.28,0.12,-0.04,0.81,0.1,0.06,-2.47,0.17,0.35,0
2022 VESTEL ELEKTRONİK SANAYİ VE TİCARET A.Ş.,3.47,3.36,3.29,0.68,0.34,0.03,0.12,0,0,0.71,0.08,0.01,0.17,0.02,-0.17,2.26,0.01,0.03,-1.53,0.12,0.02,0
2022 ÜNLÜ YATIRIM HOLDİNG A.Ş.,0.61,0.4,0.5,2.53,0,0.43,0.12,0.01,0,0.02,4.17,0.04,7.39,0,0,1.66,0.07,0.08,-0.75,0.12,0.45,0
2022 UTOPYA TURİZM İNŞAAT İŞLETMECİLİK TİCARET A.Ş.,0.72,0.69,0.2,0.62,0,0.16,0.02,0,0,1.55,-0.03,-0.02,0.01,0.25,-0.17,-0.34,0.02,0.01,-53.79,0.02,0.05,0
2022 TÜRK TUBORG BİRA VE MALT SANAYİİ A.Ş.,1.39,0.84,1.35,1.34,0.97,0.41,0.17,0,0,0.43,0.1,0.02,0.39,0.2,-0.02,1.25,0.07,0.07,-1.8,0.17,0.46,0
2022 TORUNLAR GAYRİMENKUL YATIRIM ORTAKLIĞI A.Ş.,0.35,0.32,0.19,0.45,0.27,0.15,0.02,0.13,0.44,0.05,-0.68,-0.03,0.42,0.7,-0.01,0.38,0.04,0.02,133.2,0.02,0.05,0
2022 TETAMAT GIDA YATIRIMLARI A.Ş.,1.77,1.6,1.75,1.15,0.77,0.1,-0.32,0,0,0.74,0.04,0.01,-0.43,-0.3,-0.18,0.91,-0.12,-0.11,-0.37,-0.32,-0.39,0
2022 TERA YATIRIM MENKUL DEĞERLER A.Ş.,2.22,1.54,2.21,1.39,0,0.31,0.29,0,0,0.1,1.16,0.04,2.76,0.04,-0.02,1.64,0.06,0.09,2.1,0.29,1.25,0
2022 TARKİM BİTKİ KORUMA SANAYİ VE TİCARET A.Ş.,1.56,1.45,1.53,1.21,0.27,0.07,0.64,0.68,0.04,0.28,-0.34,-0.04,2.32,0.42,-0.03,0.8,0.19,0.25,3.01,0.64,0.67,0
2022 SÖKTAŞ TEKSTİL SANAYİ VE TİCARET A.Ş.,2.51,2.41,1.84,0.57,0.28,0.06,-0.07,0.02,0.27,1.83,-0.17,-0.09,-0.04,0.33,-0.08,-0.19,0.07,-0.02,4896.09,-0.07,0.06,0
2022 SMARTİKS YAZILIM A.Ş.,0.32,0.27,0.26,1.11,0,0.2,0.06,0,0,0.01,-1.24,-0.01,5.13,0.1,-0.41,0.42,0.02,0.04,0.51,0.06,0.02,0
2022 SİNPAŞ GAYRİMENKUL YATIRIM ORTAKLIĞI A.Ş.,1.34,1.33,0.28,2.78,1.59,0.04,0.05,0.26,0.02,0,40.89,0.05,14.59,-0.82,-1.58,-0.56,-0.04,0.02,42.25,0.05,0.07,0
2022 SERVET GAYRİMENKUL YATIRIM ORTAKLIĞI A.Ş.,0.6,0.6,0.31,0.23,0,0,-0.09,0.22,0,0,9.15,0.01,-67.36,-1.67,-2.25,0.88,-0.06,-0.06,-3.56,-0.09,-0.06,0
2022 SEKURO PLASTİK AMBALAJ SANAYİ A.Ş.,2.8,2.66,2.01,1,0.64,0.07,-0.01,0,0,1.79,-0.06,-0.03,0,0.09,-0.02,0.35,0.04,0,-3.01,-0.01,0.09,0
2022 SARTEN AMBALAJ SANAYİ VE TİCARET A.Ş.,3.47,3.34,2.87,1.26,0.77,0.05,0.48,0.09,0.2,0.64,-0.14,-0.02,0.75,0.21,-0.41,0.83,0.11,0.11,17.81,0.48,0.59,0
2022 SARKUYSAN ELEKTROLİTİK BAKIR SANAYİ VE TİCARET A.Ş.,2.55,2.3,2.12,1.48,1.08,0.12,0.31,0,0,0.3,-0.39,-0.03,1.06,0.08,-0.08,0.78,0.15,0.09,1.01,0.31,1.26,0
2022 SAN-EL MÜHENDİSLİK ELEKTRİK TAAHHÜT SANAYİ VE TİCARET A.Ş.,2.29,2.29,2.13,0.75,0.63,0,0.03,0,0,0.99,0.26,0.08,0.03,-0.12,-0.2,-0.84,-0.04,0.01,-1.18,0.03,0.07,0
2022 RTA LABORATUVARLARI BİYOLOJİK ÜRÜNLER İLAÇ VE MAKİNE SANAYİ TİCARET A.Ş.,0.27,0.21,0.22,3.06,2.77,0.25,0.22,0.08,0,0.11,1.45,0.12,2.09,0.61,-0.28,2.64,0.07,0.18,-9.13,0.22,0.45,0
2022 RAL YATIRIM HOLDİNG A.Ş.,1.02,0.99,0.81,1.81,1.8,0.03,0.42,0.92,0.44,0.09,-0.21,-0.01,4.55,0.54,-0.04,0.96,0.28,0.21,-53.56,0.42,1.02,0
2022 QUA GRANITE HAYAL YAPI VE ÜRÜNLERİ SANAYİ TİCARET A.Ş.,2.09,1.95,1.26,1.59,1.29,0.11,0.35,0.36,0.17,0.83,-0.17,-0.05,0.42,0.46,-0.31,0.71,0.16,0.11,0.07,0.35,0.5,0
2022 PERA GAYRİMENKUL YATIRIM ORTAKLIĞI A.Ş.,0.04,0.02,0.03,3.05,1.12,0.42,-0.01,0,0.29,0,0,0,0,-0.18,-0.01,1.01,-0.01,-0.01,0,-0.01,-0.01,0
2022 PENGUEN GIDA SANAYİ A.Ş.,0.65,0.57,0.55,1.3,0.54,0.13,0.04,0,0,0.88,-0.06,-0.03,0.05,0.26,-0.07,0.52,0.06,0.02,-107.11,0.04,0.11,0
2022 PEKER GAYRİMENKUL YATIRIM ORTAKLIĞI A.Ş.,0.14,-0.03,0.14,2.44,1.92,1.2,0.09,0,0,0.01,-0.74,-0.01,8.48,0.98,-0.46,0.92,0.09,0.08,-27.03,0.09,0.12,0
2022 PEKER GAYRİMENKUL YATIRIM ORTAKLIĞI A.Ş. (2),0.08,-0.08,0.07,4.33,3.37,2.03,0.1,0,0,0.01,-0.7,0,13.84,1.06,-0.46,0.95,0.1,0.09,13.1,0.1,0.14,0
2022 PC İLETİŞİM VE MEDYA HİZMETLERİ SANAYİ TİCARET A.Ş.,3.03,2.5,2.7,1.17,1.17,0.2,0.27,0.03,0,0.01,14.05,0.05,19.57,0.03,-0.05,2.52,0.03,0.07,-24.88,0.27,0.37,0
2022 PARK ELEKTRİK ÜRETİM MADENCİLİK SANAYİ VE TİCARET A.Ş.,0.16,0.15,0.09,1.11,1.07,0.01,0.21,0.34,0.02,0.13,1.97,0.21,1.69,0.16,-0.2,23.57,0.01,0.18,0.13,0.21,0.14,0
2022 OYAK ÇİMENTO FABRİKALARI A.Ş.,0.84,0.64,0.69,1.72,1.16,0.29,0.23,0.1,0.25,0.57,-0.03,-0.01,0.41,0.24,-0.03,0.94,0.16,0.13,2.49,0.23,0.47,0
2022 OSTİM ENDÜSTRİYEL YATIRIMLAR VE İŞLETME A.Ş.,0.42,0.13,0.21,2.93,2.44,1.39,0.1,0.29,0.02,0.22,0.06,0.01,0.45,0.33,-0.04,1.11,0.08,0.07,-2.12,0.1,0.14,0
2022 NUROL İNŞAAT VE TİCARET A.Ş.,2.21,2.12,0.39,1.74,1.27,0.22,0.29,0.02,0,0.06,4.13,0.08,4.62,0.04,-0.01,14.85,0.01,0.09,1.02,0.29,0.24,0
2022 NUROL HOLDİNG A.Ş.,3.59,3.19,2.13,1.04,0.88,0.19,0.32,0.01,0.01,0.71,0.1,0.02,0.45,0.4,-0.01,1.27,0.06,0.07,2.85,0.32,0.26,0
2022 NUH ÇİMENTO SANAYİ A.Ş.,0.93,0.68,0.66,1.65,1.16,0.37,0.23,0,0,0.37,0.07,0.01,0.62,0.23,-0.01,1.1,0.13,0.12,-0.16,0.23,0.34,0
2022 NETAŞ TELEKOMÜNİKASYON A.Ş.,117.47,96.72,113.89,0.8,0.71,0.18,-0.63,0.01,0.33,3.79,0.19,0.01,-0.17,-0.03,-0.05,0.58,-0.01,-0.01,-8.81,-0.63,-0.03,0
2022 NET HOLDİNG A.Ş.,0.73,0.65,0.23,0.55,0.5,0.34,-0.02,0,0,1.09,-0.05,-0.03,-0.02,0.29,-0.15,-0.55,0.02,-0.01,-17.95,-0.02,0.02,0
2022 MOBİLTEL İLETİŞİM HİZMETLERİ SANAYİ VE TİCARET A.Ş.,0.73,0.71,0.54,1.05,0.83,0.04,0.08,0.01,0,0.02,-0.81,-0.01,3.82,0.09,-0.02,0.78,0.05,0.05,-2.94,0.08,0.07,0
2022 MEPET METRO PETROL VE TESİSLERİ SANAYİ TİCARET A.Ş.,0.62,0.61,0.48,0.36,0.28,0.02,0.05,0.77,0.03,1.39,0,0,0.03,0.04,-0.01,1.05,0.03,0.03,-2.75,0.05,0.04,0
2022 MEGA POLİETİLEN KÖPÜK SANAYİ VE TİCARET A.Ş.,2.41,2.35,2.21,1.27,0.97,0.03,0.14,0,0,0.59,-0.09,-0.02,0.24,0.12,-0.13,0.72,0.06,0.04,5.38,0.14,0.33,0
2022 MAVİ GİYİM SANAYİ VE TİCARET A.Ş.,1.93,0.98,1.68,1.27,0.9,0.57,0.35,0,0.17,0.16,-0.4,-0.02,2.23,0.22,0,0.86,0.15,0.12,3.33,0.35,0.58,0
2022 MATRİKS BİLGİ DAĞITIM HİZMETLERİ A.Ş.,0.62,0.37,0.49,1.22,1.22,0.5,0.45,0,0,0.07,0.23,0.01,6.32,0.25,0,1.04,0.27,0.28,-3.56,0.45,0.43,0
2022 MARKA YATIRIM HOLDİNG A.Ş.,3.84,3.79,3.7,0.91,0.85,0.01,0.15,0.06,0.03,0.39,-0.16,-0.01,0.39,0.73,-0.04,0.8,0.06,0.03,-46.63,0.15,0.18,0
2022 LÜKS KADİFE TİCARET VE SANAYİİ A.Ş.,1.2,0.86,0.53,1.9,1.38,0.66,0.07,0.14,0.01,0.63,-0.29,-0.08,0.11,0.4,-0.09,0.27,0.11,0.03,-23.34,0.07,0.21,0
2022 KÜTAHYA PORSELEN SANAYİ A.Ş.,0.99,0.96,0.86,1.56,0.85,0.02,0.19,0.07,0.02,0.51,-0.03,-0.01,0.38,0.17,-0.11,0.93,0.11,0.1,6.45,0.19,0.35,0
2022 KORTEKS MENSUCAT SANAYİ VE TİCARET A.Ş.,1.59,1.58,1.32,1.36,1.21,0.01,0.14,0.25,0.13,0.67,0.1,0.03,0.2,0.11,-0.11,2.12,0.02,0.05,20.31,0.14,0.07,0
2022 KORAY GAYRİMENKUL YATIRIM ORTAKLIĞI A.Ş.,4.01,3.78,0.16,2.28,2.28,1.48,-0.08,0,0.36,0.01,-12.14,-0.04,-5.3,0.25,-1.18,-0.72,0.02,-0.02,20.45,-0.08,-0.02,0
2022 KOLEKSİYON MOBİLYA SANAYİ A.Ş.,0.83,0.78,0.49,0.82,0.45,0.11,0.02,0.01,0,0.74,-0.08,-0.03,0.03,0.23,-0.03,0.22,0.04,0.01,-331.52,0.02,0.05,0
2022 KLİMASAN KLİMA SANAYİ VE TİCARET A.Ş.,4.13,3.69,3.13,1.18,0.84,0.14,0.07,0.08,0,0.62,-0.32,-0.04,0.11,0.16,-0.15,0.38,0.06,0.01,9.49,0.07,0.19,0
2022 KAPLAMİN AMBALAJ SANAYİ VE TİCARET A.Ş.,2.93,2.84,2.86,1.16,0.88,0.03,0.43,0.04,0.74,0.59,-0.07,-0.01,0.72,0.16,-0.02,0.93,0.15,0.11,8.82,0.43,0.98,0
2022 İZMİR FIRÇA SANAYİ VE TİCARET A.Ş.,2.05,2.03,1.74,1.44,0.84,0.01,0.05,0.01,0,0.5,-0.39,-0.06,0.1,0.14,-0.08,0.25,0.09,0.02,-15.15,0.05,0.49,0
2022 İZ YATIRIM HOLDİNG A.Ş.,0.4,0.28,0.29,1.28,0.77,0.39,-0.03,0,0,0.93,-0.01,-0.01,-0.03,-0.06,-0.08,1.68,-0.01,-0.02,-0.33,-0.03,-0.02,0
2022 İHLAS YAYIN HOLDİNG A.Ş.,0.2,0.04,0.09,7.4,6.26,1.78,0.01,0.13,0.17,0.12,0.22,0.02,0.07,-0.08,-0.05,-0.59,-0.01,0.01,-5.16,0.01,-0.03,0
2022 İHLAS HOLDİNG A.Ş.,0.67,0.46,0.31,3.98,2.69,0.66,0.04,0,0.01,0.18,0.05,0.01,0.22,0.09,-0.05,1.26,0.02,0.02,-12.64,0.04,0.09,0
2022 İHLAS GAYRİMENKUL PROJE GELİŞTİRME VE TİCARET A.Ş.,0.36,0.17,0.31,3.97,3.53,0.62,0.05,0.03,0.77,0,8.67,0.01,25.6,0.1,-0.08,1.51,0.03,0.04,-4.02,0.05,0.22,0
2022 İHLAS EV ALETLERİ İMALAT SANAYİ VE TİCARET A.Ş.,0.3,0.28,0.2,4.03,2.7,0.09,0.07,0.31,0.1,0.03,-0.22,-0.01,2.27,0.11,-0.03,0.93,0.08,0.06,-0.73,0.07,0.19,0
2022 İDEAL FİNANSAL TEKNOLOJİLER VE DANIŞMANLIK A.Ş.,0.62,0.44,0.54,1.77,1.77,0.34,0.26,0.06,0.1,0.14,1.44,0.12,1.89,0.19,-0.01,3,0.06,0.16,0.24,0.26,0.5,0
2022 HÜRRİYET GAZETECİLİK VE MATBAACILIK A.Ş.,0.8,0.78,0.61,0.62,0.55,0.03,-0.16,0.55,0.05,1,-0.02,-0.01,-0.16,-0.46,-0.11,1.13,-0.08,-0.09,510.96,-0.15,-0.09,0
2022 HİDROPAR HAREKET KONTROL TEKNOLOJİLERİ MERKEZİ SANAYİ VE TİCARET A.Ş.,1.84,1.63,1.64,1.18,0.61,0.13,0.06,0,0.1,0.62,-0.06,-0.01,0.1,0.14,-0.1,0.67,0.04,0.02,-38.03,0.06,0.13,0
2022 HEDEF ARAÇ KİRALAMA VE SERVİS A.Ş.,2.32,2.2,1.09,0.31,0.29,0.11,0.12,0.58,0,2.97,-0.07,-0.06,0.04,0.4,0,0.44,0.11,0.04,-11.44,0.12,0.12,0
2022 GÜR-SEL TURİZM TAŞIMACILIK VE SERVİS TİCARET A.Ş.,1.02,0.8,0.61,1.38,1.37,0.35,0.1,0.05,0,0.96,-0.01,0,0.1,0.12,-0.02,0.93,0.06,0.05,-2.43,0.1,0.13,0
2022 GÜLER YATIRIM HOLDİNG A.Ş.,1.1,0.92,0.96,1.38,1.36,0.18,0.18,0,0,0.57,-0.07,-0.02,0.32,4.42,-1.01,0.85,0.13,0.09,0,0.18,0.37,0
2022 GSD HOLDİNG A.Ş.,0.39,0.2,0.27,2.83,2.82,0.72,0.14,0,0,0.53,0.09,0.04,0.26,0.82,0,1.5,0.07,0.1,-0.78,0.14,0.24,0
2022 GSD DENİZCİLİK GAYRİMENKUL İNŞAAT SANAYİ VE TİCARET A.Ş.,0.41,-0.04,0.14,4.24,4.22,3.21,0.14,1,0.01,0.81,0.03,0.01,0.17,0.64,-0.01,1.19,0.08,0.1,-0.46,0.14,0.17,0
2022 GLOBAL YATIRIM HOLDİNG A.Ş.,5.18,4.6,1.36,1.06,1.02,0.43,0.02,0,0,1.13,-0.04,-0.01,0.02,0.11,-0.03,0.52,0.02,0,-8.23,0.02,0.03,0
2022 GLOBAL MENKUL DEĞERLER A.Ş.,7.11,5.55,6.95,1.13,1.13,0.22,0.12,0.02,0,0.08,-1.91,-0.02,1.42,0.01,0,0.51,0.04,0.01,1.19,0.12,1.28,0
2022 GERSAN ELEKTRİK TİCARET VE SANAYİ A.Ş.,1.44,1.22,1.12,1.29,0.78,0.19,0.05,0,0,0.84,-0.17,-0.06,0.06,0.15,-0.11,0.26,0.08,0.02,0.77,0.05,0.19,0
2022 FRİGO-PAK GIDA MADDELERİ SANAYİ VE TİCARET A.Ş.,0.66,0.61,0.5,2.05,0.77,0.11,0.08,0,0,0.6,-0.29,-0.1,0.13,0.39,-0.04,0.33,0.16,0.05,60.53,0.08,0.4,0
2022 FASDAT GIDA DAĞITIM SANAYİ VE TİCARET A.Ş.,2.62,2.51,2.39,1.29,0.91,0.05,0.17,0.8,0.07,0.4,-0.11,-0.01,0.43,0.06,-0.02,0.84,0.07,0.05,-20.68,0.17,0.49,0
2022 FADE GIDA YATIRIM SANAYİ TİCARET A.Ş.,0.34,0.29,0.17,1.88,1.23,0.31,0.33,0,0.04,0.15,2.51,0.29,2.16,0.16,-0.04,14.39,0.02,0.25,52.14,0.33,0.41,0
2022 EUROPAP TEZOL KAĞIT SANAYİ VE TİCARET A.Ş.,0.89,0.49,0.59,2.32,1.53,0.68,0.28,0,0,0.27,0.12,0.02,1.03,0.23,-0.11,1.14,0.12,0.15,-0.02,0.28,0.43,0
2022 EREĞLİ TEKSTİL TURİZM SANAYİ VE TİCARET A.Ş.,1.4,1.35,1.24,1.19,0.6,0.04,0.17,0.08,0.03,0.77,-0.12,-0.04,0.23,0.25,-0.01,0.71,0.13,0.07,-29.31,0.17,0.31,0
2022 EMEK ELEKTRİK ENDÜSTRİSİ A.Ş.,1.53,1.49,1.21,1.32,0.89,0.03,0.04,0.23,0.03,0.87,-0.05,-0.02,0.05,0.09,-0.22,0.47,0.03,0.02,45.55,0.04,0.08,0
2022 ELİTE NATUREL ORGANİK GIDA SANAYİ VE TİCARET A.Ş.,0.62,0.55,0.51,2.62,2.02,0.15,0.22,0.74,0,0.27,-0.16,-0.03,0.81,0.28,-0.2,0.87,0.2,0.14,10.94,0.22,1.14,0
2022 DURAN DOĞAN BASIM VE AMBALAJ SANAYİ A.Ş.,5.57,5.37,4.29,1.08,0.59,0.05,0.43,0,0.03,0.72,-0.97,-0.11,0.59,0.24,-0.07,0.45,0.19,0.07,478.52,0.43,0.65,0
2022 DOĞUŞ OTOMOTİV SERVİS VE TİCARET A.Ş.,1.33,0.97,1.25,1.38,0.8,0.28,0.46,0.68,0.05,0.21,0.03,0,2.21,0.18,-0.01,1.01,0.25,0.2,1.26,0.46,1.07,0
2022 DOĞAN TREND OTOMOTİV TİCARET HİZMET VE TEKNOLOJİ A.Ş.,4.88,3.37,4.67,0.96,0.77,0.32,0.56,0,0.01,1.14,-0.28,-0.06,0.49,0.18,-0.01,0.61,0.14,0.1,13.9,0.56,0.59,0
2022 DENGE YATIRIM HOLDİNG A.Ş.,0.73,0.51,0.29,1.23,1.21,0.76,0.41,0.01,0,0.03,16.05,0.26,14.36,0.08,-0.16,47.75,0.01,0.24,2.99,0.41,0.34,0
2022 DARDANEL ÖNENTAŞ GIDA SANAYİ A.Ş.,1.23,1.22,1.1,1.09,0.75,0.01,0.04,0.31,0,1.01,-0.12,-0.06,0.04,0.13,-0.06,0.23,0.07,0.02,-46.55,0.04,0.15,0
2022 DAP GAYRİMENKUL GELİŞTİRME A.Ş.,2.65,2.5,0.58,1.55,1.5,0.25,0.32,0,0,0.01,0.14,0,45.34,0.4,-0.01,1,0.11,0.09,0.33,0.32,0.15,0
2022 ÇELEBİ HAVA SERVİSİ A.Ş.,1.83,1.37,0.83,1.25,1.23,0.55,0.18,0.01,0.02,0.46,-0.07,-0.01,0.39,0.24,-0.02,0.88,0.09,0.06,-1.55,0.18,0.15,0
2022 ÇALIK DENİM TEKSTİL SANAYİ VE TİCARET A.Ş.,2.28,2.23,1.72,1.24,0.67,0.03,0.54,0.01,0.14,0.57,-0.35,-0.06,0.96,0.33,0,0.55,0.13,0.17,-71.39,0.54,0.42,0
2022 COSMOS YATIRIM HOLDİNG A.Ş.,0.37,0.31,0.2,3.83,1.18,0.31,0.1,0,0,0.57,0.1,0.04,0.18,0.06,-0.02,2.76,0.02,0.07,-0.3,0.1,0.15,0
2022 CONSUS ENERJİ İŞLETMECİLİĞİ VE HİZMETLERİ A.Ş.,1.02,0.97,0.39,0.95,0.75,0.13,0.04,0.22,0,1.59,0,0,0.02,0.18,-0.03,0.94,0.03,0.02,-0.24,0.04,0.04,0
2022 CEO EVENT MEDYA A.Ş.,0.57,0.22,0.54,2.7,2.7,0.64,0.18,0,0,0.02,5.68,0.08,8.04,0.05,-0.04,4.51,0.02,0.11,-0.61,0.18,0.73,0
2022 CASA EMTİA PETROL KİMYEVİ VE TÜREVLERİ SANAYİ TİCARET A.Ş.,0.39,0.39,0.05,17.27,12.09,0,0.09,0,0,0,-102.21,-0.01,827.68,0.26,0,0.92,0.1,0.06,0.26,0.09,0.28,0
2022 BİRKO BİRLEŞİK KOYUNLULULAR MENSUCAT TİCARET VE SANAYİ A.Ş.,0.88,0.88,0.77,0.8,0.58,0,0.1,0.31,0.08,0.93,0.15,0.07,0.11,0.1,-0.79,7.29,0.01,0.05,-5.81,0.1,0.02,0
2022 BİOTREND ÇEVRE VE ENERJİ YATIRIMLARI A.Ş.,3.04,2.9,1.09,1.25,1.08,0.13,0.04,0,0,2.15,-0.09,-0.05,0.02,0.28,-0.11,0.34,0.07,0.01,10.39,0.04,0.11,0
2022 BİLKOM BİLİŞİM HİZMETLERİ A.Ş.,7.45,6.04,7.44,1.12,0.68,0.19,0.32,0.11,0.1,0.02,-9.85,-0.02,18.53,0.04,-0.01,0.7,0.07,0.04,1.74,0.32,5.8,0
2022 BERKOSAN YALITIM VE TECRİT MADDELERİ ÜRETİM VE TİCARET A.Ş.,1.72,1.59,1.46,1.31,0.98,0.09,0.15,0,0,0.74,-0.03,-0.01,0.2,0.09,-0.07,0.89,0.07,0.05,22.22,0.15,0.35,0
2022 BAREM AMBALAJ SANAYİ VE TİCARET A.Ş.,1.12,0.95,0.94,1.61,1.11,0.18,0.29,0,0,0.6,-0.1,-0.03,0.48,0.26,-0.02,0.86,0.19,0.14,0.27,0.29,0.67,0
2022 BAGFAŞ BANDIRMA GÜBRE FABRİKALARI A.Ş.,3.19,2.36,2.28,1.05,0.58,0.37,0.25,0,0,1.13,-0.1,-0.03,0.22,0.24,-0.2,0.75,0.11,0.06,3.76,0.25,0.31,0
2022 AZTEK TEKNOLOJİ ÜRÜNLERİ TİCARET A.Ş.,1.71,1.63,1.66,1.55,0.96,0.04,0.28,0,0,0.07,-0.6,-0.02,3.88,0.12,0,0.89,0.15,0.1,-0.12,0.28,2.95,0
2022 ATAKULE GAYRİMENKUL YATIRIM ORTAKLIĞI A.Ş.,0.02,0.01,0.01,2.86,2.86,1.35,0,0.03,0,0,0.23,0,0.74,0.05,-0.06,1.46,0,0,4.53,0,0,0
2022 ALCATEL LUCENT TELETAŞ TELEKOMÜNİKASYON A.Ş.,0.86,0.16,0.69,2.48,1.84,1.02,0.07,0.09,0.72,0.01,-1.46,-0.01,8.39,0.17,-0.01,0.91,0.07,0.04,4.61,0.07,0.86,0
2022 ALARKO HOLDİNG A.Ş.,0.5,0.36,0.44,1.14,0.93,0.31,0.42,0.25,0.29,0.12,2.87,0.23,3.52,0.25,-0.13,5.02,0.06,0.28,23.72,0.42,0.43,0
2023 REYSAŞ TAŞIMACILIK VE LOJİSTİK TİCARET A.Ş.,1.31,1.22,0.6,0.78,0.78,0.15,0.23,0.08,0.7,1.21,-0.01,0,0.19,0.46,-0.02,0.96,0.11,0.1,1.55,0.23,0.17,0
2023 RTA LABORATUVARLARI BİYOLOJİK ÜRÜNLER İLAÇ VE MAKİNE SANAYİ TİCARET A.Ş.,0.14,0.09,0.11,2.98,2.63,0.41,0.15,0.15,0,0.06,2.39,0.12,2.61,0.46,-0.29,9.12,0.02,0.13,10.98,0.15,0.21,0
2023 SANİCA ISI SANAYİ A.Ş.,1.3,1.2,1.04,1.85,1.38,0.1,0.13,0.35,0.16,0.36,-0.35,-0.05,0.36,0.34,-0.09,0.44,0.1,0.06,3.02,0.13,0.59,0
2023 SANİFOAM ENDÜSTRİ VE TÜKETİM ÜRÜNLERİ SANAYİ TİCARET A.Ş.,2.32,2.27,1.81,1.15,0.72,0.03,0.1,0.02,0.01,0.41,-0.56,-0.07,0.23,0.22,-0.05,0.38,0.11,0.03,-0.7,0.1,0.3,0
2023 SARKUYSAN ELEKTROLİTİK BAKIR SANAYİ VE TİCARET A.Ş.,2.76,2.37,2.5,1.29,0.88,0.16,0.21,0,0,0.4,-0.78,-0.08,0.53,0.11,-0.09,0.46,0.15,0.06,-0.68,0.21,1.06,0
2023 SARTEN AMBALAJ SANAYİ VE TİCARET A.Ş.,2.9,2.72,2.28,1.16,0.75,0.08,0.1,0.06,0.07,1.04,-0.12,-0.03,0.1,0.13,-0.23,0.47,0.06,0.03,-2.6,0.1,0.2,0
2023 SAY YENİLENEBİLİR ENERJİ EKİPMANLARI SANAYİ VE TİCARET A.Ş.,0.5,0.43,0.38,3.8,3.02,0.18,0.41,0.44,0.04,0.04,4.13,0.12,9.66,0.35,-0.06,1.64,0.18,0.27,0.21,0.41,6.4,0